Date,Jan-22,Feb-22,Mar-22,Apr-22,May-22,Jun-22,Jul-22,Aug-22,Sep-22,Oct-22,Nov-22,Dec-22,Jan-23,Feb-23,Mar-23,Apr-23,May-23,Jun-23,Jul-23,Aug-23,Sep-23,Oct-23,Nov-23,Dec-23,Jan-24,Feb-24,Mar-24,Apr-24,May-24,Jun-24,Jul-24,Aug-24,Sep-24,Oct-24,Nov-24,Dec-24,Jan-25,Feb-25,Mar-25,Apr-25,May-25,Jun-25,Jul-25,Aug-25,Sep-25,Oct-25,Nov-25,Dec-25,Jan-26,Feb-26,Mar-26,Apr-26,May-26
30-Sep-1997,-0.49,-0.43,-0.40,-0.42,-0.41,-0.42,-0.42,-0.43,-0.43,-0.43,-0.43,-0.44,-0.44,-0.44,-0.44,-0.45,-0.45,-0.44,-0.44,-0.44,-0.45,-0.44,-0.47,-0.44,-0.45,-0.45,-0.43,-0.43,-0.43,-0.42,-0.56,-0.42,-0.44,-0.46,-0.45,-0.46,-0.48,-0.48,-0.48,-0.48,-0.49,-0.49,-0.51,-0.50,-0.47,-0.47,-0.47,-0.47,-0.47,-0.47,-0.47,-0.48,-0.48
31-Oct-1997,-0.18,-0.24,-0.23,-0.24,-0.25,-0.24,-0.25,-0.23,-0.23,-0.24,-0.24,-0.22,-0.21,-0.23,-0.23,-0.24,-0.23,-0.23,-0.23,-0.23,-0.23,-0.23,-0.27,-0.22,-0.23,-0.23,-0.29,-0.29,-0.29,-0.29,-0.29,-0.29,-0.30,-0.31,-0.30,-0.31,-0.32,-0.32,-0.33,-0.32,-0.33,-0.34,-0.32,-0.32,-0.31,-0.31,-0.31,-0.31,-0.31,-0.31,-0.31,-0.32,-0.32
30-Nov-1997,-0.46,-0.61,-0.58,-0.58,-0.58,-0.58,-0.58,-0.58,-0.57,-0.56,-0.55,-0.51,-0.49,-0.51,-0.52,-0.53,-0.53,-0.53,-0.53,-0.54,-0.54,-0.54,-0.61,-0.54,-0.55,-0.55,-0.60,-0.61,-0.61,-0.62,-0.43,-0.62,-0.63,-0.64,-0.64,-0.64,-0.65,-0.64,-0.65,-0.65,-0.66,-0.66,-0.65,-0.64,-0.64,-0.64,-0.64,-0.64,-0.64,-0.65,-0.65,-0.66,-0.67
31-Dec-1997,-0.83,-0.97,-0.93,-0.91,-0.90,-0.88,-0.89,-0.89,-0.88,-0.86,-0.83,-0.80,-0.79,-0.79,-0.80,-0.81,-0.82,-0.83,-0.83,-0.83,-0.84,-0.84,-0.92,-0.83,-0.84,-0.84,-0.88,-0.90,-0.90,-0.92,-0.49,-0.92,-0.93,-0.93,-0.93,-0.92,-0.92,-0.92,-0.92,-0.93,-0.94,-0.94,-0.94,-0.93,-0.93,-0.93,-0.93,-0.93,-0.93,-0.94,-0.94,-0.95,-0.96
31-Jan-1998,-0.94,-0.99,-0.96,-0.95,-0.94,-0.93,-0.94,-0.95,-0.94,-0.93,-0.92,-0.92,-0.91,-0.90,-0.90,-0.92,-0.92,-0.92,-0.92,-0.92,-0.93,-0.93,-0.98,-0.93,-0.93,-0.93,-1.03,-1.04,-1.04,-1.05,-0.86,-1.06,-1.07,-1.07,-1.07,-1.07,-1.08,-1.08,-1.08,-1.08,-1.09,-1.10,-1.09,-1.08,-1.08,-1.08,-1.08,-1.08,-1.08,-1.09,-1.09,-1.09,-1.10
28-Feb-1998,-0.55,-0.45,-0.40,-0.41,-0.41,-0.41,-0.42,-0.44,-0.45,-0.46,-0.46,-0.45,-0.44,-0.44,-0.44,-0.44,-0.44,-0.44,-0.43,-0.43,-0.43,-0.43,-0.44,-0.43,-0.43,-0.43,-0.42,-0.42,-0.42,-0.41,-0.63,-0.42,-0.43,-0.44,-0.43,-0.44,-0.45,-0.45,-0.46,-0.45,-0.46,-0.47,-0.47,-0.46,-0.45,-0.45,-0.44,-0.44,-0.44,-0.44,-0.44,-0.44,-0.44
31-Mar-1998,-0.31,-0.08,-0.02,-0.04,-0.04,-0.05,-0.06,-0.07,-0.08,-0.10,-0.11,-0.11,-0.10,-0.11,-0.11,-0.11,-0.11,-0.09,-0.09,-0.09,-0.09,-0.08,-0.09,-0.08,-0.08,-0.08,-0.07,-0.07,-0.06,-0.04,-0.37,-0.05,-0.05,-0.06,-0.06,-0.06,-0.07,-0.07,-0.08,-0.08,-0.08,-0.09,-0.07,-0.07,-0.07,-0.07,-0.06,-0.06,-0.06,-0.06,-0.06,-0.06,-0.05
30-Apr-1998,-0.25,-0.15,-0.09,-0.10,-0.11,-0.11,-0.11,-0.12,-0.12,-0.14,-0.15,-0.13,-0.12,-0.15,-0.15,-0.15,-0.15,-0.14,-0.14,-0.13,-0.13,-0.13,-0.14,-0.13,-0.13,-0.12,-0.12,-0.11,-0.11,-0.10,-0.32,-0.10,-0.11,-0.12,-0.11,-0.12,-0.13,-0.13,-0.14,-0.14,-0.14,-0.15,-0.12,-0.12,-0.12,-0.12,-0.12,-0.12,-0.12,-0.12,-0.12,-0.12,-0.11
31-May-1998,-0.53,-0.56,-0.48,-0.49,-0.47,-0.48,-0.47,-0.49,-0.49,-0.50,-0.50,-0.49,-0.48,-0.50,-0.50,-0.51,-0.50,-0.51,-0.51,-0.51,-0.51,-0.51,-0.53,-0.51,-0.51,-0.50,-0.41,-0.41,-0.41,-0.40,-0.44,-0.41,-0.41,-0.42,-0.41,-0.42,-0.44,-0.43,-0.44,-0.44,-0.44,-0.44,-0.44,-0.44,-0.43,-0.43,-0.43,-0.42,-0.43,-0.43,-0.43,-0.43,-0.43
30-Jun-1998,-0.75,-0.91,-0.83,-0.81,-0.84,-0.85,-0.85,-0.81,-0.81,-0.80,-0.80,-0.79,-0.78,-0.79,-0.79,-0.79,-0.79,-0.79,-0.78,-0.78,-0.78,-0.78,-0.79,-0.78,-0.78,-0.78,-0.73,-0.73,-0.73,-0.72,-0.62,-0.73,-0.73,-0.73,-0.73,-0.73,-0.75,-0.74,-0.75,-0.75,-0.75,-0.75,-0.74,-0.74,-0.74,-0.74,-0.74,-0.74,-0.74,-0.74,-0.74,-0.74,-0.75
31-Jul-1998,-0.82,-0.98,-0.91,-0.90,-0.93,-0.95,-0.95,-0.92,-0.93,-0.93,-0.94,-0.95,-0.95,-0.94,-0.94,-0.94,-0.94,-0.94,-0.94,-0.93,-0.93,-0.93,-0.93,-0.93,-0.93,-0.93,-0.89,-0.89,-0.89,-0.89,-0.79,-0.89,-0.90,-0.90,-0.90,-0.91,-0.92,-0.92,-0.92,-0.92,-0.93,-0.93,-0.89,-0.89,-0.92,-0.92,-0.92,-0.92,-0.92,-0.92,-0.92,-0.92,-0.93
31-Aug-1998,-0.88,-0.97,-0.92,-0.92,-0.93,-0.95,-0.95,-0.94,-0.95,-0.95,-0.95,-0.95,-0.96,-0.96,-0.96,-0.96,-0.96,-0.96,-0.95,-0.95,-0.94,-0.94,-0.95,-0.94,-0.94,-0.94,-0.85,-0.86,-0.86,-0.87,-0.66,-0.87,-0.88,-0.88,-0.87,-0.88,-0.89,-0.88,-0.89,-0.89,-0.89,-0.89,-0.85,-0.85,-0.89,-0.89,-0.89,-0.89,-0.89,-0.90,-0.90,-0.90,-0.91
30-Sep-1998,-0.93,-0.90,-0.86,-0.87,-0.94,-0.96,-0.97,-0.92,-0.93,-0.95,-0.96,-0.97,-0.98,-0.98,-0.99,-0.98,-0.96,-0.95,-0.94,-0.93,-0.93,-0.92,-0.92,-0.92,-0.92,-0.92,-0.85,-0.85,-0.85,-0.87,-0.79,-0.87,-0.87,-0.88,-0.88,-0.88,-0.89,-0.89,-0.89,-0.89,-0.90,-0.90,-0.89,-0.89,-0.90,-0.90,-0.90,-0.91,-0.90,-0.91,-0.91,-0.91,-0.91
31-Oct-1998,-0.72,-0.65,-0.62,-0.64,-0.68,-0.74,-0.76,-0.75,-0.77,-0.79,-0.82,-0.83,-0.84,-0.83,-0.83,-0.82,-0.79,-0.77,-0.76,-0.74,-0.73,-0.73,-0.70,-0.73,-0.73,-0.74,-0.64,-0.64,-0.64,-0.65,-0.74,-0.65,-0.66,-0.66,-0.66,-0.66,-0.67,-0.67,-0.67,-0.67,-0.68,-0.68,-0.65,-0.65,-0.68,-0.68,-0.68,-0.68,-0.68,-0.68,-0.68,-0.68,-0.68
30-Nov-1998,-0.97,-0.66,-0.68,-0.69,-0.77,-0.83,-0.85,-0.82,-0.84,-0.87,-0.89,-0.92,-0.93,-0.92,-0.93,-0.92,-0.89,-0.87,-0.85,-0.84,-0.83,-0.82,-0.80,-0.83,-0.83,-0.83,-0.81,-0.81,-0.81,-0.81,-0.94,-0.82,-0.82,-0.83,-0.83,-0.83,-0.83,-0.83,-0.84,-0.84,-0.85,-0.85,-0.81,-0.81,-0.85,-0.85,-0.85,-0.85,-0.86,-0.86,-0.86,-0.86,-0.87
31-Dec-1998,-0.96,-0.41,-0.43,-0.46,-0.49,-0.50,-0.53,-0.56,-0.58,-0.62,-0.67,-0.69,-0.71,-0.71,-0.72,-0.72,-0.69,-0.66,-0.65,-0.64,-0.63,-0.62,-0.60,-0.62,-0.62,-0.63,-0.55,-0.55,-0.55,-0.54,-0.97,-0.54,-0.55,-0.56,-0.56,-0.57,-0.58,-0.58,-0.58,-0.59,-0.60,-0.61,-0.59,-0.59,-0.60,-0.61,-0.61,-0.61,-0.61,-0.61,-0.62,-0.62,-0.61
31-Jan-1999,-0.49,-0.15,-0.18,-0.20,-0.23,-0.24,-0.25,-0.25,-0.27,-0.31,-0.33,-0.40,-0.40,-0.37,-0.37,-0.35,-0.33,-0.31,-0.30,-0.29,-0.29,-0.28,-0.25,-0.29,-0.29,-0.29,-0.22,-0.22,-0.22,-0.21,-0.62,-0.21,-0.22,-0.23,-0.23,-0.24,-0.25,-0.25,-0.26,-0.26,-0.26,-0.27,-0.28,-0.28,-0.27,-0.27,-0.27,-0.27,-0.28,-0.28,-0.28,-0.28,-0.28
28-Feb-1999,-0.24,-0.07,-0.06,-0.06,-0.07,-0.05,-0.06,-0.05,-0.06,-0.09,-0.10,-0.11,-0.11,-0.11,-0.11,-0.10,-0.07,-0.06,-0.05,-0.04,-0.04,-0.03,-0.02,-0.03,-0.03,-0.03,0.04,0.04,0.04,0.04,-0.20,0.05,0.04,0.04,0.04,0.04,0.03,0.03,0.02,0.02,0.02,0.02,-0.01,-0.01,0.01,0.01,0.01,0.01,0.01,0.00,0.00,0.00,0.00
31-Mar-1999,-0.39,-0.38,-0.38,-0.36,-0.41,-0.40,-0.40,-0.34,-0.34,-0.35,-0.35,-0.36,-0.35,-0.35,-0.35,-0.33,-0.32,-0.31,-0.30,-0.30,-0.30,-0.29,-0.29,-0.29,-0.29,-0.30,-0.25,-0.25,-0.25,-0.25,-0.30,-0.25,-0.25,-0.26,-0.25,-0.25,-0.26,-0.26,-0.26,-0.26,-0.26,-0.26,-0.26,-0.26,-0.26,-0.26,-0.26,-0.26,-0.27,-0.27,-0.27,-0.27,-0.28
30-Apr-1999,-0.48,-0.38,-0.34,-0.33,-0.32,-0.30,-0.30,-0.32,-0.32,-0.35,-0.36,-0.31,-0.31,-0.37,-0.38,-0.36,-0.34,-0.33,-0.32,-0.32,-0.32,-0.31,-0.30,-0.32,-0.31,-0.32,-0.21,-0.20,-0.20,-0.19,-0.43,-0.19,-0.20,-0.20,-0.19,-0.20,-0.21,-0.21,-0.21,-0.21,-0.22,-0.22,-0.23,-0.23,-0.21,-0.21,-0.21,-0.21,-0.21,-0.21,-0.21,-0.22,-0.21
31-May-1999,-0.64,-0.35,-0.35,-0.36,-0.40,-0.37,-0.38,-0.36,-0.36,-0.38,-0.39,-0.38,-0.38,-0.40,-0.40,-0.38,-0.36,-0.34,-0.34,-0.34,-0.33,-0.32,-0.30,-0.33,-0.33,-0.33,-0.35,-0.34,-0.34,-0.33,-0.56,-0.33,-0.33,-0.34,-0.34,-0.33,-0.34,-0.34,-0.34,-0.34,-0.35,-0.35,-0.36,-0.36,-0.35,-0.35,-0.35,-0.34,-0.35,-0.35,-0.35,-0.36,-0.35
30-Jun-1999,-0.61,-0.33,-0.36,-0.40,-0.41,-0.41,-0.41,-0.41,-0.41,-0.42,-0.42,-0.43,-0.42,-0.43,-0.43,-0.42,-0.41,-0.39,-0.39,-0.39,-0.39,-0.38,-0.37,-0.38,-0.39,-0.39,-0.36,-0.36,-0.35,-0.34,-0.60,-0.34,-0.35,-0.36,-0.35,-0.35,-0.36,-0.36,-0.36,-0.36,-0.37,-0.36,-0.35,-0.36,-0.36,-0.36,-0.36,-0.36,-0.36,-0.36,-0.36,-0.37,-0.37
31-Jul-1999,-0.91,-0.56,-0.60,-0.63,-0.66,-0.64,-0.65,-0.61,-0.61,-0.61,-0.61,-0.61,-0.61,-0.62,-0.63,-0.62,-0.61,-0.60,-0.60,-0.61,-0.61,-0.61,-0.59,-0.61,-0.61,-0.61,-0.60,-0.59,-0.59,-0.59,-0.76,-0.59,-0.59,-0.60,-0.60,-0.60,-0.60,-0.60,-0.61,-0.61,-0.61,-0.61,-0.64,-0.64,-0.61,-0.61,-0.61,-0.61,-0.61,-0.61,-0.61,-0.62,-0.62
31-Aug-1999,-0.67,-0.42,-0.45,-0.48,-0.47,-0.46,-0.46,-0.48,-0.47,-0.48,-0.49,-0.48,-0.48,-0.48,-0.49,-0.48,-0.47,-0.45,-0.45,-0.45,-0.45,-0.45,-0.43,-0.46,-0.46,-0.46,-0.43,-0.43,-0.42,-0.42,-0.66,-0.42,-0.43,-0.43,-0.43,-0.44,-0.44,-0.44,-0.44,-0.44,-0.45,-0.45,-0.46,-0.46,-0.45,-0.44,-0.44,-0.44,-0.44,-0.44,-0.45,-0.45,-0.45
30-Sep-1999,-0.58,-0.23,-0.26,-0.30,-0.32,-0.33,-0.33,-0.32,-0.32,-0.32,-0.33,-0.33,-0.33,-0.33,-0.33,-0.32,-0.31,-0.29,-0.29,-0.30,-0.30,-0.30,-0.28,-0.30,-0.30,-0.30,-0.37,-0.36,-0.36,-0.37,-0.59,-0.37,-0.37,-0.38,-0.38,-0.38,-0.38,-0.38,-0.38,-0.38,-0.39,-0.38,-0.37,-0.37,-0.38,-0.38,-0.38,-0.38,-0.38,-0.38,-0.38,-0.39,-0.39
31-Oct-1999,-0.33,-0.03,-0.09,-0.12,-0.14,-0.13,-0.13,-0.11,-0.11,-0.11,-0.11,-0.12,-0.12,-0.12,-0.12,-0.11,-0.10,-0.09,-0.10,-0.10,-0.10,-0.10,-0.08,-0.10,-0.10,-0.10,-0.12,-0.11,-0.11,-0.11,-0.27,-0.11,-0.11,-0.12,-0.12,-0.12,-0.12,-0.12,-0.12,-0.12,-0.13,-0.13,-0.13,-0.13,-0.12,-0.12,-0.12,-0.11,-0.11,-0.11,-0.12,-0.12,-0.12
30-Nov-1999,-0.26,0.05,-0.02,-0.06,-0.08,-0.07,-0.09,-0.08,-0.08,-0.08,-0.09,-0.10,-0.10,-0.10,-0.10,-0.09,-0.08,-0.06,-0.05,-0.06,-0.05,-0.05,-0.03,-0.05,-0.05,-0.06,-0.16,-0.16,-0.15,-0.16,-0.35,-0.15,-0.16,-0.16,-0.16,-0.16,-0.17,-0.16,-0.16,-0.17,-0.17,-0.17,-0.18,-0.18,-0.16,-0.16,-0.16,-0.16,-0.16,-0.16,-0.16,-0.17,-0.17
31-Dec-1999,-0.13,0.17,0.08,0.06,0.02,0.00,-0.01,-0.02,-0.02,-0.03,-0.04,-0.05,-0.04,-0.04,-0.04,-0.04,-0.03,-0.02,-0.02,-0.02,-0.03,-0.02,0.00,-0.02,-0.02,-0.02,-0.18,-0.18,-0.18,-0.18,-0.46,-0.18,-0.18,-0.19,-0.19,-0.19,-0.20,-0.20,-0.20,-0.19,-0.20,-0.20,-0.19,-0.19,-0.20,-0.20,-0.20,-0.20,-0.20,-0.20,-0.20,-0.21,-0.21
31-Jan-2000,-0.59,-0.30,-0.35,-0.39,-0.39,-0.46,-0.48,-0.48,-0.48,-0.47,-0.48,-0.51,-0.51,-0.49,-0.49,-0.49,-0.48,-0.48,-0.48,-0.48,-0.48,-0.48,-0.47,-0.48,-0.49,-0.49,-0.58,-0.58,-0.58,-0.59,-0.65,-0.59,-0.59,-0.60,-0.59,-0.60,-0.60,-0.60,-0.60,-0.60,-0.61,-0.61,-0.57,-0.57,-0.61,-0.60,-0.60,-0.61,-0.61,-0.61,-0.61,-0.61,-0.62
29-Feb-2000,-0.43,-0.17,-0.22,-0.24,-0.30,-0.36,-0.37,-0.34,-0.34,-0.33,-0.31,-0.33,-0.32,-0.31,-0.31,-0.31,-0.30,-0.28,-0.28,-0.28,-0.28,-0.27,-0.27,-0.28,-0.29,-0.29,-0.40,-0.40,-0.40,-0.40,-0.54,-0.40,-0.41,-0.41,-0.41,-0.40,-0.40,-0.40,-0.40,-0.40,-0.41,-0.41,-0.39,-0.39,-0.41,-0.41,-0.41,-0.41,-0.41,-0.41,-0.42,-0.42,-0.42
31-Mar-2000,-0.33,-0.11,-0.16,-0.19,-0.20,-0.23,-0.24,-0.25,-0.25,-0.26,-0.25,-0.25,-0.25,-0.25,-0.25,-0.25,-0.26,-0.25,-0.25,-0.25,-0.26,-0.25,-0.24,-0.26,-0.26,-0.26,-0.27,-0.27,-0.27,-0.27,-0.48,-0.27,-0.27,-0.28,-0.28,-0.28,-0.28,-0.28,-0.28,-0.28,-0.28,-0.29,-0.29,-0.29,-0.28,-0.28,-0.28,-0.28,-0.28,-0.28,-0.28,-0.28,-0.28
30-Apr-2000,0.02,0.18,0.16,0.13,0.12,0.11,0.10,0.09,0.09,0.09,0.10,0.13,0.14,0.11,0.12,0.11,0.11,0.11,0.11,0.11,0.10,0.10,0.10,0.10,0.10,0.10,0.15,0.15,0.15,0.15,-0.01,0.15,0.14,0.14,0.14,0.14,0.14,0.14,0.14,0.14,0.14,0.13,0.10,0.10,0.13,0.13,0.13,0.13,0.13,0.13,0.13,0.13,0.13
31-May-2000,0.17,0.25,0.25,0.23,0.19,0.17,0.16,0.18,0.18,0.18,0.19,0.20,0.21,0.20,0.20,0.20,0.20,0.20,0.20,0.19,0.19,0.19,0.19,0.19,0.19,0.19,0.30,0.29,0.30,0.29,0.22,0.29,0.29,0.29,0.29,0.29,0.29,0.29,0.29,0.29,0.29,0.29,0.27,0.27,0.29,0.28,0.28,0.29,0.28,0.28,0.28,0.28,0.28
30-Jun-2000,-0.06,-0.04,-0.02,-0.04,-0.07,-0.10,-0.11,-0.10,-0.10,-0.09,-0.09,-0.08,-0.08,-0.08,-0.08,-0.09,-0.09,-0.09,-0.10,-0.10,-0.10,-0.10,-0.09,-0.10,-0.10,-0.10,0.06,0.06,0.06,0.06,0.02,0.05,0.05,0.05,0.05,0.05,0.05,0.05,0.05,0.05,0.05,0.05,0.05,0.05,0.05,0.05,0.05,0.05,0.05,0.05,0.05,0.04,0.04
31-Jul-2000,-0.04,-0.03,-0.02,-0.02,-0.06,-0.11,-0.12,-0.11,-0.12,-0.11,-0.11,-0.12,-0.12,-0.09,-0.09,-0.10,-0.11,-0.11,-0.11,-0.12,-0.12,-0.12,-0.12,-0.12,-0.12,-0.12,0.01,0.01,0.01,0.00,0.01,0.00,0.00,0.00,0.00,0.00,0.00,0.00,0.00,0.00,0.00,-0.01,0.03,0.03,-0.01,-0.01,-0.01,-0.01,-0.01,-0.01,-0.01,-0.01,-0.02
31-Aug-2000,-0.05,-0.02,-0.01,-0.01,-0.07,-0.12,-0.12,-0.08,-0.09,-0.08,-0.08,-0.08,-0.08,-0.07,-0.07,-0.07,-0.07,-0.07,-0.07,-0.08,-0.08,-0.08,-0.07,-0.08,-0.08,-0.08,0.10,0.10,0.10,0.10,0.09,0.10,0.10,0.10,0.10,0.10,0.09,0.09,0.09,0.09,0.09,0.09,0.12,0.12,0.09,0.09,0.09,0.09,0.09,0.09,0.09,0.09,0.09
30-Sep-2000,0.00,-0.13,-0.11,-0.12,-0.15,-0.18,-0.19,-0.19,-0.20,-0.20,-0.20,-0.19,-0.19,-0.19,-0.19,-0.19,-0.19,-0.19,-0.19,-0.19,-0.19,-0.19,-0.19,-0.19,-0.19,-0.19,0.06,0.06,0.06,0.06,0.06,0.06,0.06,0.06,0.06,0.06,0.05,0.05,0.05,0.05,0.05,0.05,0.06,0.06,0.05,0.05,0.05,0.05,0.05,0.05,0.05,0.04,0.05
31-Oct-2000,-0.58,-0.67,-0.62,-0.61,-0.66,-0.70,-0.70,-0.67,-0.67,-0.66,-0.65,-0.64,-0.64,-0.63,-0.63,-0.64,-0.64,-0.64,-0.64,-0.64,-0.65,-0.65,-0.65,-0.65,-0.66,-0.66,-0.48,-0.49,-0.49,-0.49,-0.44,-0.50,-0.50,-0.50,-0.50,-0.50,-0.50,-0.50,-0.50,-0.50,-0.50,-0.50,-0.49,-0.49,-0.51,-0.51,-0.51,-0.51,-0.51,-0.52,-0.52,-0.52,-0.53
30-Nov-2000,-0.75,-0.96,-0.89,-0.87,-0.90,-0.93,-0.94,-0.93,-0.93,-0.92,-0.91,-0.88,-0.87,-0.88,-0.88,-0.88,-0.88,-0.89,-0.88,-0.88,-0.89,-0.89,-0.89,-0.89,-0.89,-0.89,-0.70,-0.70,-0.71,-0.71,-0.61,-0.71,-0.71,-0.72,-0.72,-0.71,-0.71,-0.71,-0.71,-0.71,-0.71,-0.71,-0.69,-0.69,-0.72,-0.72,-0.72,-0.72,-0.73,-0.73,-0.73,-0.73,-0.74
31-Dec-2000,-0.88,-1.24,-1.14,-1.14,-1.17,-1.18,-1.18,-1.13,-1.13,-1.12,-1.10,-1.07,-1.07,-1.08,-1.08,-1.08,-1.09,-1.10,-1.10,-1.10,-1.10,-1.11,-1.11,-1.11,-1.11,-1.11,-0.88,-0.89,-0.89,-0.90,-0.67,-0.90,-0.90,-0.90,-0.90,-0.90,-0.90,-0.90,-0.90,-0.90,-0.90,-0.90,-0.90,-0.90,-0.90,-0.90,-0.91,-0.91,-0.91,-0.91,-0.92,-0.92,-0.93
31-Jan-2001,-0.96,-1.25,-1.15,-1.13,-1.12,-1.14,-1.13,-1.15,-1.16,-1.14,-1.12,-1.08,-1.08,-1.09,-1.09,-1.10,-1.11,-1.12,-1.12,-1.12,-1.12,-1.12,-1.13,-1.12,-1.13,-1.13,-0.87,-0.87,-0.88,-0.88,-0.70,-0.89,-0.89,-0.89,-0.89,-0.89,-0.88,-0.89,-0.89,-0.89,-0.88,-0.89,-0.90,-0.90,-0.90,-0.90,-0.90,-0.90,-0.91,-0.91,-0.91,-0.91,-0.92
28-Feb-2001,-0.74,-1.03,-0.97,-0.94,-0.97,-0.98,-0.98,-0.95,-0.96,-0.96,-0.95,-0.93,-0.93,-0.94,-0.93,-0.94,-0.94,-0.95,-0.94,-0.94,-0.94,-0.94,-0.94,-0.95,-0.94,-0.94,-0.74,-0.74,-0.74,-0.74,-0.63,-0.74,-0.74,-0.74,-0.74,-0.75,-0.75,-0.75,-0.75,-0.75,-0.75,-0.75,-0.75,-0.75,-0.76,-0.76,-0.76,-0.76,-0.77,-0.77,-0.77,-0.77,-0.78
31-Mar-2001,-0.72,-1.11,-1.01,-0.98,-0.96,-0.97,-0.97,-0.96,-0.97,-0.97,-0.95,-0.93,-0.93,-0.94,-0.93,-0.93,-0.93,-0.94,-0.93,-0.93,-0.92,-0.92,-0.93,-0.93,-0.93,-0.93,-0.57,-0.57,-0.57,-0.57,-0.36,-0.57,-0.57,-0.56,-0.56,-0.56,-0.56,-0.56,-0.56,-0.56,-0.56,-0.56,-0.55,-0.55,-0.57,-0.57,-0.57,-0.57,-0.57,-0.57,-0.57,-0.57,-0.58
30-Apr-2001,-1.08,-1.23,-1.17,-1.15,-1.20,-1.21,-1.23,-1.18,-1.19,-1.19,-1.19,-1.20,-1.20,-1.19,-1.19,-1.19,-1.18,-1.17,-1.16,-1.15,-1.14,-1.14,-1.15,-1.15,-1.15,-1.15,-0.97,-0.98,-0.97,-0.98,-0.77,-0.97,-0.97,-0.97,-0.97,-0.97,-0.96,-0.96,-0.96,-0.97,-0.97,-0.97,-0.93,-0.92,-0.98,-0.98,-0.98,-0.98,-0.98,-0.99,-0.99,-0.99,-1.00
31-May-2001,-1.17,-1.27,-1.23,-1.21,-1.24,-1.26,-1.27,-1.27,-1.28,-1.28,-1.28,-1.28,-1.28,-1.28,-1.28,-1.28,-1.27,-1.26,-1.25,-1.24,-1.24,-1.23,-1.23,-1.24,-1.24,-1.24,-1.08,-1.08,-1.08,-1.08,-1.02,-1.08,-1.08,-1.09,-1.09,-1.08,-1.08,-1.08,-1.08,-1.08,-1.09,-1.09,-1.05,-1.05,-1.09,-1.10,-1.10,-1.10,-1.10,-1.10,-1.11,-1.11,-1.12
30-Jun-2001,-0.76,-0.85,-0.80,-0.79,-0.80,-0.82,-0.82,-0.81,-0.83,-0.84,-0.84,-0.84,-0.85,-0.86,-0.86,-0.85,-0.84,-0.84,-0.83,-0.82,-0.82,-0.81,-0.81,-0.81,-0.82,-0.82,-0.66,-0.67,-0.67,-0.67,-0.68,-0.66,-0.66,-0.66,-0.66,-0.66,-0.66,-0.66,-0.66,-0.67,-0.67,-0.67,-0.66,-0.66,-0.67,-0.68,-0.68,-0.68,-0.68,-0.68,-0.68,-0.69,-0.69
31-Jul-2001,-0.86,-0.89,-0.83,-0.83,-0.87,-0.88,-0.89,-0.86,-0.87,-0.87,-0.86,-0.82,-0.82,-0.86,-0.85,-0.85,-0.83,-0.82,-0.81,-0.80,-0.79,-0.79,-0.79,-0.79,-0.79,-0.80,-0.78,-0.80,-0.79,-0.80,-0.78,-0.79,-0.80,-0.80,-0.80,-0.78,-0.78,-0.78,-0.78,-0.78,-0.79,-0.79,-0.77,-0.77,-0.80,-0.80,-0.81,-0.81,-0.81,-0.82,-0.82,-0.82,-0.83
31-Aug-2001,-0.71,-0.75,-0.71,-0.70,-0.73,-0.72,-0.74,-0.73,-0.74,-0.75,-0.75,-0.72,-0.72,-0.75,-0.75,-0.74,-0.73,-0.71,-0.69,-0.68,-0.68,-0.67,-0.67,-0.67,-0.67,-0.68,-0.74,-0.75,-0.74,-0.75,-0.82,-0.75,-0.75,-0.75,-0.75,-0.74,-0.73,-0.74,-0.74,-0.74,-0.74,-0.74,-0.73,-0.73,-0.76,-0.76,-0.76,-0.76,-0.76,-0.77,-0.77,-0.78,-0.79
30-Sep-2001,-0.66,-0.62,-0.59,-0.59,-0.58,-0.60,-0.61,-0.64,-0.65,-0.67,-0.68,-0.66,-0.66,-0.69,-0.68,-0.68,-0.66,-0.65,-0.64,-0.62,-0.62,-0.61,-0.61,-0.61,-0.61,-0.62,-0.64,-0.64,-0.64,-0.65,-0.78,-0.64,-0.64,-0.64,-0.64,-0.63,-0.63,-0.63,-0.64,-0.64,-0.64,-0.64,-0.65,-0.64,-0.65,-0.65,-0.66,-0.66,-0.66,-0.66,-0.67,-0.67,-0.67
31-Oct-2001,-1.02,-1.15,-1.10,-1.09,-1.13,-1.17,-1.18,-1.15,-1.16,-1.15,-1.15,-1.17,-1.17,-1.16,-1.16,-1.16,-1.16,-1.15,-1.13,-1.13,-1.12,-1.11,-1.12,-1.12,-1.12,-1.13,-1.17,-1.18,-1.18,-1.19,-1.04,-1.19,-1.19,-1.19,-1.19,-1.18,-1.17,-1.17,-1.17,-1.17,-1.17,-1.17,-1.21,-1.20,-1.18,-1.18,-1.19,-1.19,-1.19,-1.20,-1.20,-1.20,-1.22
30-Nov-2001,-1.04,-1.27,-1.25,-1.22,-1.25,-1.26,-1.26,-1.25,-1.26,-1.24,-1.23,-1.23,-1.24,-1.26,-1.25,-1.24,-1.25,-1.25,-1.23,-1.22,-1.21,-1.20,-1.21,-1.21,-1.21,-1.22,-1.38,-1.39,-1.39,-1.39,-1.21,-1.39,-1.40,-1.40,-1.40,-1.39,-1.38,-1.39,-1.39,-1.39,-1.39,-1.39,-1.41,-1.40,-1.40,-1.40,-1.41,-1.41,-1.41,-1.42,-1.42,-1.43,-1.44
31-Dec-2001,-0.95,-1.10,-1.05,-1.04,-0.99,-0.99,-0.99,-1.02,-1.04,-1.04,-1.03,-1.02,-1.03,-1.07,-1.06,-1.05,-1.06,-1.06,-1.05,-1.04,-1.03,-1.02,-1.02,-1.03,-1.03,-1.03,-1.11,-1.12,-1.13,-1.12,-1.05,-1.11,-1.11,-1.11,-1.11,-1.11,-1.11,-1.11,-1.12,-1.12,-1.12,-1.12,-1.13,-1.13,-1.13,-1.13,-1.14,-1.14,-1.14,-1.14,-1.15,-1.15,-1.16
31-Jan-2002,-0.83,-0.87,-0.93,-0.94,-0.96,-0.94,-0.94,-0.90,-0.90,-0.88,-0.87,-0.81,-0.82,-0.86,-0.87,-0.85,-0.82,-0.81,-0.79,-0.79,-0.78,-0.77,-0.77,-0.77,-0.78,-0.79,-0.88,-0.89,-0.89,-0.88,-0.84,-0.87,-0.87,-0.87,-0.88,-0.87,-0.86,-0.86,-0.87,-0.87,-0.87,-0.87,-0.90,-0.90,-0.89,-0.89,-0.89,-0.89,-0.89,-0.90,-0.90,-0.91,-0.92
28-Feb-2002,-0.40,-0.33,-0.45,-0.44,-0.46,-0.42,-0.41,-0.41,-0.41,-0.41,-0.40,-0.38,-0.39,-0.41,-0.40,-0.37,-0.34,-0.32,-0.32,-0.31,-0.31,-0.29,-0.29,-0.29,-0.29,-0.30,-0.44,-0.45,-0.44,-0.44,-0.59,-0.43,-0.43,-0.44,-0.44,-0.43,-0.43,-0.43,-0.43,-0.44,-0.44,-0.44,-0.47,-0.47,-0.45,-0.45,-0.45,-0.45,-0.45,-0.46,-0.46,-0.47,-0.47
31-Mar-2002,-0.48,-0.39,-0.43,-0.44,-0.43,-0.43,-0.43,-0.43,-0.43,-0.43,-0.43,-0.41,-0.42,-0.41,-0.42,-0.38,-0.35,-0.33,-0.32,-0.32,-0.31,-0.31,-0.30,-0.30,-0.30,-0.31,-0.43,-0.43,-0.42,-0.42,-0.59,-0.42,-0.42,-0.42,-0.42,-0.41,-0.41,-0.41,-0.41,-0.41,-0.41,-0.41,-0.43,-0.43,-0.42,-0.42,-0.42,-0.41,-0.42,-0.42,-0.42,-0.43,-0.44
30-Apr-2002,-0.57,-0.44,-0.48,-0.49,-0.54,-0.51,-0.52,-0.48,-0.48,-0.47,-0.48,-0.49,-0.49,-0.48,-0.47,-0.45,-0.43,-0.42,-0.42,-0.42,-0.41,-0.41,-0.39,-0.41,-0.41,-0.41,-0.55,-0.55,-0.55,-0.56,-0.66,-0.56,-0.57,-0.57,-0.57,-0.56,-0.56,-0.56,-0.55,-0.56,-0.56,-0.56,-0.60,-0.60,-0.57,-0.57,-0.57,-0.57,-0.57,-0.57,-0.58,-0.58,-0.59
31-May-2002,-0.42,-0.13,-0.18,-0.23,-0.24,-0.22,-0.24,-0.25,-0.25,-0.26,-0.27,-0.25,-0.25,-0.25,-0.26,-0.24,-0.21,-0.19,-0.18,-0.18,-0.17,-0.17,-0.16,-0.17,-0.17,-0.17,-0.29,-0.29,-0.29,-0.28,-0.69,-0.27,-0.29,-0.29,-0.30,-0.28,-0.28,-0.28,-0.27,-0.28,-0.28,-0.29,-0.32,-0.32,-0.30,-0.29,-0.29,-0.29,-0.30,-0.30,-0.30,-0.31,-0.31
30-Jun-2002,-0.64,-0.32,-0.37,-0.42,-0.44,-0.44,-0.46,-0.47,-0.47,-0.48,-0.49,-0.49,-0.49,-0.49,-0.50,-0.49,-0.47,-0.45,-0.44,-0.44,-0.43,-0.43,-0.42,-0.43,-0.43,-0.44,-0.61,-0.61,-0.61,-0.60,-0.88,-0.60,-0.60,-0.61,-0.61,-0.60,-0.60,-0.60,-0.60,-0.60,-0.61,-0.61,-0.62,-0.62,-0.61,-0.61,-0.61,-0.61,-0.61,-0.61,-0.62,-0.62,-0.62
31-Jul-2002,-1.00,-0.72,-0.78,-0.81,-0.82,-0.82,-0.84,-0.86,-0.86,-0.87,-0.87,-0.87,-0.87,-0.88,-0.88,-0.88,-0.86,-0.85,-0.83,-0.83,-0.83,-0.82,-0.81,-0.82,-0.83,-0.83,-0.91,-0.92,-0.92,-0.92,-1.18,-0.92,-0.93,-0.94,-0.93,-0.93,-0.92,-0.92,-0.91,-0.92,-0.93,-0.93,-0.96,-0.96,-0.94,-0.94,-0.94,-0.94,-0.94,-0.94,-0.94,-0.95,-0.94
31-Aug-2002,-0.91,-0.87,-0.91,-0.93,-0.90,-0.91,-0.92,-0.96,-0.97,-0.96,-0.96,-0.97,-0.98,-0.97,-0.98,-0.98,-0.97,-0.96,-0.96,-0.95,-0.95,-0.95,-0.93,-0.95,-0.95,-0.96,-1.05,-1.06,-1.06,-1.06,-1.06,-1.06,-1.06,-1.07,-1.07,-1.06,-1.06,-1.06,-1.05,-1.05,-1.05,-1.06,-1.08,-1.08,-1.06,-1.06,-1.07,-1.07,-1.07,-1.07,-1.07,-1.08,-1.08
30-Sep-2002,-0.90,-0.82,-0.84,-0.88,-0.88,-0.91,-0.92,-0.94,-0.95,-0.95,-0.95,-0.97,-0.98,-1.00,-0.99,-0.99,-1.00,-0.99,-0.98,-0.98,-0.97,-0.97,-0.96,-0.98,-0.98,-0.98,-1.10,-1.11,-1.11,-1.11,-1.13,-1.10,-1.11,-1.11,-1.11,-1.11,-1.11,-1.11,-1.11,-1.11,-1.11,-1.11,-1.12,-1.12,-1.12,-1.12,-1.12,-1.12,-1.12,-1.13,-1.13,-1.13,-1.14
31-Oct-2002,-1.06,-1.09,-1.07,-1.09,-1.09,-1.13,-1.14,-1.14,-1.14,-1.12,-1.12,-1.14,-1.15,-1.16,-1.16,-1.16,-1.17,-1.17,-1.16,-1.15,-1.15,-1.15,-1.13,-1.15,-1.16,-1.16,-1.21,-1.21,-1.22,-1.21,-1.05,-1.22,-1.21,-1.22,-1.21,-1.22,-1.21,-1.21,-1.21,-1.21,-1.21,-1.21,-1.21,-1.21,-1.21,-1.22,-1.22,-1.22,-1.22,-1.23,-1.23,-1.23,-1.25
30-Nov-2002,-0.82,-0.56,-0.69,-0.70,-0.73,-0.75,-0.76,-0.76,-0.77,-0.79,-0.79,-0.79,-0.81,-0.82,-0.81,-0.80,-0.79,-0.77,-0.76,-0.75,-0.75,-0.73,-0.73,-0.73,-0.74,-0.74,-0.69,-0.70,-0.70,-0.70,-1.08,-0.70,-0.70,-0.71,-0.71,-0.71,-0.70,-0.70,-0.70,-0.71,-0.72,-0.72,-0.73,-0.73,-0.74,-0.74,-0.74,-0.74,-0.74,-0.75,-0.75,-0.75,-0.75
31-Dec-2002,-0.56,-0.48,-0.50,-0.51,-0.53,-0.55,-0.56,-0.56,-0.57,-0.57,-0.59,-0.61,-0.62,-0.63,-0.63,-0.62,-0.60,-0.58,-0.57,-0.57,-0.56,-0.56,-0.55,-0.56,-0.56,-0.57,-0.65,-0.65,-0.65,-0.65,-0.82,-0.65,-0.65,-0.65,-0.66,-0.65,-0.66,-0.66,-0.66,-0.67,-0.67,-0.67,-0.66,-0.66,-0.67,-0.67,-0.67,-0.67,-0.68,-0.68,-0.68,-0.69,-0.69
31-Jan-2003,-0.50,-0.36,-0.46,-0.44,-0.48,-0.50,-0.50,-0.49,-0.50,-0.50,-0.51,-0.51,-0.51,-0.54,-0.54,-0.53,-0.52,-0.49,-0.48,-0.47,-0.47,-0.46,-0.45,-0.46,-0.46,-0.47,-0.59,-0.59,-0.59,-0.59,-0.84,-0.60,-0.59,-0.60,-0.59,-0.61,-0.59,-0.60,-0.60,-0.61,-0.61,-0.61,-0.60,-0.60,-0.61,-0.62,-0.61,-0.62,-0.62,-0.62,-0.62,-0.63,-0.63
28-Feb-2003,-0.31,-0.27,-0.34,-0.34,-0.35,-0.36,-0.37,-0.38,-0.38,-0.39,-0.40,-0.40,-0.41,-0.41,-0.41,-0.40,-0.38,-0.37,-0.36,-0.35,-0.34,-0.33,-0.32,-0.33,-0.33,-0.34,-0.28,-0.28,-0.28,-0.28,-0.54,-0.28,-0.28,-0.29,-0.28,-0.29,-0.28,-0.28,-0.28,-0.28,-0.29,-0.29,-0.31,-0.31,-0.30,-0.30,-0.30,-0.30,-0.30,-0.30,-0.30,-0.31,-0.31
31-Mar-2003,-0.08,-0.20,-0.19,-0.21,-0.22,-0.24,-0.25,-0.25,-0.26,-0.27,-0.27,-0.28,-0.29,-0.30,-0.29,-0.28,-0.27,-0.26,-0.25,-0.24,-0.23,-0.23,-0.22,-0.23,-0.23,-0.23,-0.29,-0.29,-0.29,-0.30,-0.38,-0.30,-0.30,-0.31,-0.31,-0.30,-0.31,-0.30,-0.30,-0.31,-0.31,-0.31,-0.32,-0.32,-0.31,-0.31,-0.31,-0.31,-0.32,-0.32,-0.32,-0.32,-0.33
30-Apr-2003,-0.44,-0.42,-0.44,-0.43,-0.45,-0.47,-0.48,-0.50,-0.51,-0.51,-0.52,-0.58,-0.58,-0.57,-0.57,-0.56,-0.54,-0.52,-0.51,-0.50,-0.50,-0.49,-0.46,-0.49,-0.49,-0.49,-0.52,-0.52,-0.52,-0.52,-0.65,-0.52,-0.53,-0.53,-0.54,-0.54,-0.54,-0.54,-0.54,-0.54,-0.54,-0.54,-0.54,-0.54,-0.54,-0.54,-0.55,-0.54,-0.54,-0.55,-0.55,-0.55,-0.56
31-May-2003,-0.15,-0.01,-0.11,-0.12,-0.15,-0.19,-0.20,-0.21,-0.22,-0.24,-0.25,-0.29,-0.30,-0.30,-0.30,-0.29,-0.26,-0.24,-0.23,-0.22,-0.21,-0.20,-0.18,-0.20,-0.20,-0.20,-0.19,-0.19,-0.18,-0.18,-0.44,-0.17,-0.17,-0.17,-0.18,-0.18,-0.19,-0.19,-0.19,-0.20,-0.20,-0.20,-0.17,-0.18,-0.20,-0.20,-0.20,-0.19,-0.19,-0.20,-0.20,-0.20,-0.20
30-Jun-2003,-0.17,-0.14,-0.18,-0.17,-0.20,-0.22,-0.23,-0.21,-0.22,-0.23,-0.23,-0.25,-0.26,-0.25,-0.25,-0.23,-0.21,-0.19,-0.18,-0.17,-0.17,-0.16,-0.14,-0.16,-0.16,-0.16,-0.10,-0.10,-0.10,-0.09,-0.23,-0.09,-0.09,-0.10,-0.09,-0.10,-0.10,-0.10,-0.10,-0.10,-0.10,-0.10,-0.09,-0.10,-0.10,-0.10,-0.10,-0.10,-0.11,-0.11,-0.11,-0.11,-0.12
31-Jul-2003,-0.14,-0.04,-0.08,-0.08,-0.13,-0.15,-0.14,-0.11,-0.12,-0.13,-0.14,-0.12,-0.13,-0.15,-0.14,-0.12,-0.10,-0.08,-0.08,-0.08,-0.08,-0.07,-0.05,-0.07,-0.07,-0.07,0.02,0.02,0.03,0.03,-0.23,0.04,0.03,0.03,0.02,0.03,0.02,0.02,0.01,0.01,0.01,0.01,0.01,0.01,0.01,0.01,0.01,0.01,0.01,0.01,0.01,0.00,0.00
31-Aug-2003,-0.22,-0.10,-0.09,-0.13,-0.16,-0.19,-0.19,-0.16,-0.16,-0.17,-0.18,-0.17,-0.18,-0.18,-0.18,-0.17,-0.14,-0.13,-0.13,-0.14,-0.14,-0.14,-0.11,-0.14,-0.14,-0.14,-0.05,-0.05,-0.04,-0.04,-0.27,-0.04,-0.04,-0.05,-0.05,-0.05,-0.05,-0.06,-0.06,-0.06,-0.06,-0.06,-0.04,-0.05,-0.06,-0.05,-0.05,-0.05,-0.06,-0.06,-0.06,-0.07,-0.07
30-Sep-2003,-0.15,0.09,0.02,-0.03,-0.08,-0.08,-0.09,-0.06,-0.06,-0.07,-0.09,-0.08,-0.08,-0.08,-0.07,-0.04,-0.02,0.00,0.01,0.01,0.01,0.01,0.03,0.01,0.01,0.01,0.07,0.08,0.08,0.08,-0.30,0.08,0.08,0.07,0.07,0.07,0.07,0.07,0.07,0.06,0.06,0.06,0.08,0.07,0.07,0.07,0.07,0.07,0.07,0.07,0.07,0.06,0.06
31-Oct-2003,-0.48,-0.24,-0.26,-0.29,-0.32,-0.30,-0.31,-0.30,-0.29,-0.31,-0.34,-0.31,-0.32,-0.30,-0.29,-0.26,-0.24,-0.22,-0.23,-0.22,-0.22,-0.21,-0.18,-0.22,-0.22,-0.22,-0.24,-0.24,-0.23,-0.24,-0.67,-0.23,-0.25,-0.25,-0.26,-0.25,-0.26,-0.26,-0.26,-0.26,-0.26,-0.26,-0.26,-0.27,-0.26,-0.26,-0.26,-0.26,-0.26,-0.26,-0.26,-0.27,-0.28
30-Nov-2003,-0.49,-0.30,-0.29,-0.32,-0.31,-0.29,-0.30,-0.31,-0.31,-0.31,-0.33,-0.33,-0.33,-0.35,-0.33,-0.32,-0.31,-0.29,-0.29,-0.30,-0.29,-0.29,-0.26,-0.30,-0.30,-0.30,-0.39,-0.39,-0.38,-0.39,-0.62,-0.39,-0.40,-0.40,-0.40,-0.40,-0.41,-0.41,-0.41,-0.41,-0.41,-0.41,-0.40,-0.41,-0.40,-0.40,-0.40,-0.40,-0.40,-0.41,-0.41,-0.41,-0.42
31-Dec-2003,-0.33,-0.19,-0.22,-0.25,-0.27,-0.27,-0.27,-0.26,-0.26,-0.26,-0.27,-0.27,-0.28,-0.27,-0.27,-0.25,-0.23,-0.22,-0.22,-0.22,-0.22,-0.21,-0.19,-0.22,-0.22,-0.22,-0.37,-0.36,-0.36,-0.37,-0.56,-0.37,-0.37,-0.37,-0.37,-0.37,-0.37,-0.36,-0.37,-0.37,-0.37,-0.36,-0.35,-0.35,-0.36,-0.36,-0.36,-0.36,-0.36,-0.36,-0.36,-0.36,-0.37
31-Jan-2004,-0.50,-0.27,-0.29,-0.33,-0.33,-0.36,-0.36,-0.37,-0.36,-0.37,-0.38,-0.47,-0.47,-0.40,-0.40,-0.39,-0.38,-0.36,-0.36,-0.37,-0.37,-0.37,-0.34,-0.38,-0.38,-0.38,-0.50,-0.49,-0.49,-0.49,-0.86,-0.49,-0.50,-0.51,-0.51,-0.50,-0.50,-0.50,-0.50,-0.50,-0.51,-0.50,-0.49,-0.49,-0.49,-0.49,-0.49,-0.49,-0.49,-0.49,-0.49,-0.50,-0.51
29-Feb-2004,-0.23,-0.15,-0.17,-0.21,-0.20,-0.24,-0.26,-0.27,-0.26,-0.26,-0.27,-0.29,-0.29,-0.30,-0.28,-0.28,-0.27,-0.25,-0.23,-0.24,-0.23,-0.24,-0.21,-0.24,-0.24,-0.24,-0.39,-0.38,-0.38,-0.37,-0.66,-0.37,-0.38,-0.39,-0.38,-0.38,-0.38,-0.37,-0.37,-0.38,-0.38,-0.38,-0.38,-0.38,-0.37,-0.37,-0.37,-0.37,-0.37,-0.37,-0.37,-0.38,-0.38
31-Mar-2004,0.31,0.17,0.13,0.12,0.11,0.10,0.09,0.07,0.08,0.08,0.08,0.08,0.08,0.07,0.08,0.09,0.10,0.11,0.11,0.12,0.12,0.12,0.14,0.12,0.12,0.12,-0.04,-0.04,-0.03,-0.03,-0.14,-0.02,-0.03,-0.03,-0.02,-0.02,-0.02,-0.01,-0.01,-0.01,-0.01,0.00,-0.01,-0.01,0.00,0.00,0.00,0.01,0.00,0.00,0.00,0.00,-0.01
30-Apr-2004,0.66,0.72,0.58,0.55,0.59,0.58,0.56,0.49,0.49,0.48,0.48,0.48,0.47,0.44,0.46,0.48,0.48,0.51,0.51,0.51,0.52,0.53,0.54,0.53,0.53,0.53,0.38,0.39,0.40,0.39,0.15,0.40,0.40,0.39,0.39,0.40,0.40,0.41,0.41,0.41,0.41,0.41,0.40,0.40,0.41,0.41,0.41,0.42,0.42,0.42,0.42,0.42,0.40
31-May-2004,0.70,0.53,0.55,0.53,0.55,0.53,0.52,0.48,0.48,0.50,0.49,0.46,0.46,0.45,0.46,0.47,0.47,0.47,0.47,0.46,0.47,0.47,0.49,0.47,0.47,0.47,0.31,0.32,0.32,0.33,0.50,0.33,0.33,0.33,0.34,0.35,0.34,0.35,0.35,0.35,0.35,0.36,0.36,0.36,0.37,0.37,0.37,0.37,0.37,0.37,0.37,0.37,0.35
30-Jun-2004,0.54,0.59,0.57,0.54,0.54,0.51,0.49,0.45,0.44,0.43,0.42,0.42,0.41,0.41,0.41,0.41,0.43,0.44,0.44,0.44,0.44,0.45,0.45,0.45,0.45,0.45,0.38,0.39,0.39,0.39,0.22,0.40,0.40,0.40,0.40,0.41,0.41,0.41,0.42,0.42,0.42,0.42,0.42,0.42,0.42,0.42,0.42,0.43,0.42,0.42,0.42,0.42,0.41
31-Jul-2004,-0.43,-0.31,-0.24,-0.26,-0.28,-0.30,-0.32,-0.32,-0.33,-0.34,-0.37,-0.34,-0.34,-0.39,-0.38,-0.38,-0.37,-0.36,-0.36,-0.36,-0.35,-0.35,-0.33,-0.35,-0.36,-0.36,-0.48,-0.47,-0.46,-0.45,-0.63,-0.44,-0.45,-0.45,-0.46,-0.45,-0.45,-0.45,-0.45,-0.44,-0.44,-0.44,-0.45,-0.44,-0.44,-0.44,-0.44,-0.44,-0.44,-0.44,-0.44,-0.45,-0.47
31-Aug-2004,0.30,0.42,0.31,0.29,0.28,0.26,0.24,0.23,0.21,0.20,0.18,0.16,0.15,0.14,0.15,0.15,0.15,0.17,0.17,0.17,0.18,0.19,0.21,0.19,0.19,0.19,0.05,0.06,0.06,0.07,-0.07,0.07,0.07,0.07,0.07,0.07,0.07,0.07,0.07,0.07,0.08,0.07,0.08,0.08,0.08,0.08,0.08,0.08,0.08,0.08,0.08,0.08,0.07
30-Sep-2004,0.10,0.05,0.04,0.04,0.02,0.01,-0.01,-0.03,-0.04,-0.05,-0.06,-0.08,-0.08,-0.08,-0.08,-0.08,-0.07,-0.06,-0.05,-0.05,-0.04,-0.03,-0.02,-0.03,-0.03,-0.03,-0.04,-0.03,-0.03,-0.02,-0.15,-0.02,-0.02,-0.02,-0.02,-0.01,-0.01,-0.01,-0.01,-0.01,-0.01,-0.01,-0.01,-0.01,-0.01,-0.01,-0.01,-0.01,-0.01,-0.01,-0.01,-0.02,-0.02
31-Oct-2004,-0.57,-0.47,-0.51,-0.53,-0.49,-0.52,-0.53,-0.57,-0.58,-0.59,-0.61,-0.59,-0.59,-0.64,-0.64,-0.64,-0.64,-0.63,-0.62,-0.61,-0.61,-0.60,-0.58,-0.60,-0.61,-0.61,-0.61,-0.60,-0.60,-0.60,-0.71,-0.59,-0.60,-0.60,-0.61,-0.60,-0.60,-0.60,-0.60,-0.59,-0.59,-0.60,-0.60,-0.60,-0.60,-0.60,-0.60,-0.60,-0.60,-0.61,-0.61,-0.61,-0.62
30-Nov-2004,-0.08,0.24,0.10,0.10,0.08,0.05,0.03,0.01,0.00,-0.03,-0.06,-0.05,-0.06,-0.07,-0.07,-0.07,-0.06,-0.04,-0.02,-0.02,-0.02,0.00,0.00,0.00,0.01,0.00,-0.05,-0.05,-0.05,-0.04,-0.44,-0.04,-0.04,-0.04,-0.04,-0.05,-0.05,-0.04,-0.04,-0.04,-0.04,-0.05,-0.04,-0.04,-0.05,-0.05,-0.05,-0.05,-0.06,-0.06,-0.06,-0.06,-0.07
31-Dec-2004,0.01,0.20,0.23,0.22,0.22,0.21,0.20,0.19,0.17,0.15,0.12,0.12,0.11,0.10,0.10,0.10,0.11,0.13,0.14,0.14,0.14,0.15,0.15,0.15,0.15,0.15,0.09,0.10,0.10,0.11,-0.16,0.12,0.12,0.12,0.11,0.11,0.11,0.11,0.11,0.11,0.11,0.11,0.12,0.12,0.11,0.11,0.11,0.11,0.11,0.11,0.11,0.10,0.09
31-Jan-2005,-0.18,-0.07,-0.10,-0.10,-0.09,-0.10,-0.11,-0.13,-0.13,-0.15,-0.16,-0.21,-0.22,-0.19,-0.18,-0.18,-0.19,-0.18,-0.17,-0.16,-0.16,-0.15,-0.14,-0.15,-0.15,-0.15,-0.10,-0.09,-0.09,-0.09,-0.29,-0.09,-0.09,-0.10,-0.08,-0.10,-0.10,-0.09,-0.10,-0.10,-0.10,-0.11,-0.11,-0.11,-0.11,-0.11,-0.11,-0.11,-0.11,-0.12,-0.12,-0.12,-0.13
28-Feb-2005,-0.28,-0.29,-0.20,-0.21,-0.22,-0.22,-0.23,-0.24,-0.24,-0.25,-0.28,-0.26,-0.27,-0.27,-0.27,-0.26,-0.25,-0.23,-0.23,-0.23,-0.22,-0.21,-0.19,-0.21,-0.21,-0.21,-0.13,-0.13,-0.13,-0.12,-0.42,-0.12,-0.13,-0.13,-0.13,-0.12,-0.12,-0.11,-0.11,-0.11,-0.11,-0.12,-0.13,-0.13,-0.12,-0.12,-0.12,-0.12,-0.12,-0.12,-0.12,-0.13,-0.14
31-Mar-2005,-0.31,-0.27,-0.27,-0.29,-0.28,-0.27,-0.30,-0.32,-0.32,-0.34,-0.36,-0.33,-0.34,-0.34,-0.34,-0.33,-0.32,-0.30,-0.29,-0.29,-0.29,-0.29,-0.28,-0.28,-0.28,-0.28,-0.29,-0.28,-0.28,-0.27,-0.44,-0.26,-0.27,-0.27,-0.27,-0.27,-0.27,-0.26,-0.26,-0.26,-0.26,-0.26,-0.27,-0.27,-0.27,-0.27,-0.27,-0.27,-0.27,-0.27,-0.27,-0.28,-0.28
30-Apr-2005,-1.49,-1.40,-1.41,-1.40,-1.37,-1.34,-1.35,-1.37,-1.37,-1.38,-1.40,-1.42,-1.42,-1.39,-1.40,-1.39,-1.38,-1.36,-1.36,-1.36,-1.35,-1.34,-1.33,-1.34,-1.34,-1.35,-1.30,-1.30,-1.29,-1.29,-1.33,-1.29,-1.30,-1.30,-1.29,-1.30,-1.30,-1.30,-1.30,-1.30,-1.30,-1.30,-1.31,-1.31,-1.31,-1.31,-1.31,-1.31,-1.31,-1.32,-1.32,-1.32,-1.33
31-May-2005,-1.15,-1.17,-1.14,-1.12,-1.10,-1.08,-1.08,-1.10,-1.10,-1.12,-1.12,-1.10,-1.10,-1.10,-1.11,-1.10,-1.10,-1.09,-1.08,-1.08,-1.07,-1.07,-1.07,-1.08,-1.08,-1.07,-0.97,-0.96,-0.96,-0.96,-1.01,-0.96,-0.96,-0.96,-0.96,-0.96,-0.96,-0.96,-0.96,-0.96,-0.96,-0.96,-0.97,-0.98,-0.97,-0.98,-0.98,-0.98,-0.98,-0.98,-0.99,-0.99,-0.99
30-Jun-2005,-0.91,-1.03,-1.01,-1.00,-0.97,-0.96,-0.95,-0.97,-0.97,-0.96,-0.95,-0.94,-0.94,-0.95,-0.95,-0.95,-0.95,-0.96,-0.96,-0.96,-0.96,-0.96,-0.96,-0.96,-0.96,-0.97,-0.92,-0.92,-0.92,-0.92,-0.80,-0.92,-0.92,-0.92,-0.92,-0.92,-0.92,-0.92,-0.92,-0.92,-0.92,-0.92,-0.92,-0.92,-0.92,-0.93,-0.93,-0.93,-0.93,-0.93,-0.94,-0.94,-0.94
31-Jul-2005,-0.89,-1.05,-1.09,-1.08,-1.03,-1.03,-1.02,-1.02,-1.02,-1.00,-0.98,-0.95,-0.95,-0.95,-0.95,-0.96,-0.97,-0.97,-0.98,-0.98,-0.98,-0.99,-0.99,-0.99,-0.99,-0.99,-0.87,-0.87,-0.87,-0.86,-0.62,-0.87,-0.86,-0.86,-0.86,-0.86,-0.86,-0.86,-0.86,-0.87,-0.86,-0.86,-0.87,-0.87,-0.87,-0.87,-0.87,-0.88,-0.88,-0.88,-0.89,-0.89,-0.90
31-Aug-2005,-0.77,-0.79,-0.79,-0.78,-0.77,-0.77,-0.76,-0.75,-0.74,-0.75,-0.73,-0.68,-0.67,-0.68,-0.69,-0.69,-0.68,-0.66,-0.66,-0.66,-0.66,-0.65,-0.66,-0.65,-0.65,-0.65,-0.48,-0.49,-0.48,-0.48,-0.59,-0.48,-0.48,-0.48,-0.47,-0.48,-0.47,-0.48,-0.48,-0.48,-0.48,-0.48,-0.48,-0.49,-0.49,-0.49,-0.49,-0.49,-0.50,-0.50,-0.50,-0.51,-0.52
30-Sep-2005,0.04,-0.07,-0.06,-0.05,-0.05,-0.04,-0.05,-0.04,-0.04,-0.03,-0.03,-0.01,0.00,0.00,0.00,0.01,0.01,0.01,0.02,0.02,0.02,0.02,0.02,0.02,0.02,0.03,0.05,0.06,0.06,0.07,0.14,0.07,0.07,0.08,0.08,0.08,0.08,0.08,0.08,0.08,0.08,0.08,0.08,0.08,0.08,0.08,0.08,0.09,0.08,0.08,0.08,0.08,0.06
31-Oct-2005,0.16,-0.03,-0.09,-0.08,-0.08,-0.06,-0.06,-0.08,-0.08,-0.07,-0.05,-0.06,-0.07,-0.06,-0.05,-0.05,-0.05,-0.06,-0.07,-0.06,-0.06,-0.06,-0.05,-0.06,-0.06,-0.06,-0.10,-0.10,-0.10,-0.10,0.15,-0.11,-0.10,-0.10,-0.09,-0.09,-0.08,-0.08,-0.08,-0.08,-0.08,-0.07,-0.07,-0.07,-0.07,-0.07,-0.07,-0.07,-0.07,-0.07,-0.07,-0.07,-0.09
30-Nov-2005,-0.46,-0.60,-0.75,-0.75,-0.69,-0.68,-0.67,-0.70,-0.69,-0.66,-0.62,-0.62,-0.62,-0.61,-0.61,-0.62,-0.62,-0.64,-0.65,-0.65,-0.66,-0.67,-0.68,-0.67,-0.68,-0.67,-0.65,-0.65,-0.65,-0.65,-0.27,-0.65,-0.65,-0.64,-0.64,-0.63,-0.62,-0.63,-0.63,-0.63,-0.62,-0.62,-0.63,-0.63,-0.62,-0.62,-0.63,-0.63,-0.63,-0.64,-0.64,-0.64,-0.66
31-Dec-2005,-0.54,-0.47,-0.73,-0.74,-0.73,-0.75,-0.74,-0.73,-0.71,-0.69,-0.66,-0.65,-0.64,-0.64,-0.63,-0.64,-0.65,-0.66,-0.66,-0.67,-0.68,-0.68,-0.68,-0.68,-0.69,-0.69,-0.70,-0.70,-0.70,-0.70,-0.55,-0.70,-0.70,-0.70,-0.70,-0.70,-0.68,-0.69,-0.69,-0.69,-0.69,-0.68,-0.69,-0.69,-0.69,-0.69,-0.69,-0.69,-0.69,-0.70,-0.70,-0.70,-0.72
31-Jan-2006,-0.36,-0.10,-0.41,-0.42,-0.42,-0.41,-0.43,-0.42,-0.40,-0.40,-0.38,-0.34,-0.34,-0.35,-0.34,-0.34,-0.34,-0.33,-0.33,-0.33,-0.33,-0.33,-0.35,-0.33,-0.33,-0.33,-0.38,-0.38,-0.38,-0.38,-0.41,-0.38,-0.38,-0.37,-0.37,-0.36,-0.36,-0.36,-0.36,-0.35,-0.35,-0.35,-0.36,-0.36,-0.36,-0.35,-0.36,-0.36,-0.36,-0.36,-0.36,-0.37,-0.38
28-Feb-2006,-0.59,-0.65,-0.72,-0.70,-0.72,-0.69,-0.69,-0.67,-0.66,-0.65,-0.64,-0.63,-0.62,-0.61,-0.61,-0.61,-0.62,-0.62,-0.63,-0.63,-0.63,-0.63,-0.64,-0.64,-0.64,-0.64,-0.75,-0.75,-0.75,-0.74,-0.52,-0.75,-0.75,-0.74,-0.74,-0.73,-0.73,-0.73,-0.73,-0.73,-0.72,-0.72,-0.73,-0.73,-0.72,-0.72,-0.72,-0.72,-0.72,-0.72,-0.73,-0.73,-0.74
31-Mar-2006,-0.31,-0.34,-0.49,-0.50,-0.47,-0.45,-0.44,-0.45,-0.44,-0.43,-0.41,-0.43,-0.43,-0.41,-0.41,-0.42,-0.43,-0.43,-0.43,-0.43,-0.44,-0.44,-0.44,-0.44,-0.44,-0.44,-0.42,-0.41,-0.42,-0.41,-0.19,-0.42,-0.42,-0.41,-0.40,-0.40,-0.39,-0.39,-0.39,-0.38,-0.38,-0.38,-0.39,-0.39,-0.38,-0.38,-0.38,-0.38,-0.38,-0.38,-0.38,-0.38,-0.38
30-Apr-2006,0.16,0.13,0.05,0.04,0.02,0.02,0.02,0.03,0.04,0.04,0.05,0.10,0.10,0.06,0.06,0.05,0.04,0.03,0.02,0.02,0.01,0.01,0.01,0.01,0.01,0.01,0.07,0.08,0.08,0.08,0.20,0.08,0.08,0.09,0.09,0.10,0.10,0.10,0.10,0.11,0.11,0.11,0.10,0.10,0.11,0.12,0.11,0.11,0.11,0.11,0.11,0.11,0.10
31-May-2006,0.04,0.15,0.17,0.15,0.13,0.12,0.10,0.10,0.10,0.09,0.07,0.08,0.08,0.06,0.07,0.08,0.08,0.08,0.08,0.08,0.08,0.08,0.08,0.08,0.08,0.08,0.09,0.10,0.10,0.10,-0.02,0.10,0.10,0.10,0.10,0.10,0.10,0.11,0.11,0.11,0.11,0.11,0.11,0.11,0.11,0.11,0.11,0.11,0.11,0.11,0.11,0.10,0.10
30-Jun-2006,0.34,0.07,0.11,0.10,0.08,0.07,0.07,0.07,0.07,0.09,0.11,0.10,0.10,0.10,0.11,0.10,0.09,0.09,0.08,0.08,0.08,0.07,0.08,0.07,0.07,0.08,0.13,0.13,0.13,0.14,0.38,0.14,0.14,0.15,0.15,0.15,0.16,0.16,0.16,0.16,0.17,0.17,0.17,0.17,0.17,0.17,0.17,0.17,0.17,0.17,0.16,0.16,0.15
31-Jul-2006,-0.04,-0.17,-0.13,-0.13,-0.13,-0.13,-0.13,-0.14,-0.14,-0.13,-0.13,-0.14,-0.14,-0.12,-0.12,-0.12,-0.13,-0.14,-0.15,-0.15,-0.15,-0.16,-0.16,-0.16,-0.16,-0.16,-0.11,-0.11,-0.11,-0.11,0.03,-0.11,-0.10,-0.10,-0.10,-0.10,-0.09,-0.09,-0.09,-0.09,-0.09,-0.09,-0.09,-0.09,-0.09,-0.09,-0.09,-0.09,-0.09,-0.09,-0.09,-0.09,-0.10
31-Aug-2006,0.25,0.08,0.13,0.12,0.10,0.09,0.08,0.08,0.08,0.08,0.09,0.08,0.08,0.07,0.08,0.07,0.05,0.05,0.04,0.04,0.04,0.03,0.04,0.03,0.03,0.03,0.05,0.05,0.05,0.05,0.24,0.05,0.05,0.05,0.05,0.06,0.06,0.06,0.07,0.07,0.07,0.07,0.07,0.07,0.07,0.07,0.07,0.07,0.07,0.07,0.07,0.07,0.07
30-Sep-2006,-0.56,-0.64,-0.54,-0.51,-0.54,-0.53,-0.53,-0.53,-0.53,-0.53,-0.53,-0.55,-0.54,-0.54,-0.55,-0.55,-0.56,-0.57,-0.58,-0.58,-0.59,-0.59,-0.58,-0.59,-0.59,-0.59,-0.63,-0.63,-0.64,-0.63,-0.54,-0.63,-0.63,-0.63,-0.63,-0.63,-0.63,-0.63,-0.63,-0.63,-0.63,-0.63,-0.63,-0.63,-0.63,-0.63,-0.63,-0.63,-0.63,-0.64,-0.64,-0.64,-0.64
31-Oct-2006,-0.38,-0.51,-0.39,-0.41,-0.40,-0.40,-0.39,-0.40,-0.40,-0.40,-0.39,-0.42,-0.42,-0.40,-0.39,-0.40,-0.42,-0.43,-0.44,-0.45,-0.45,-0.46,-0.45,-0.46,-0.46,-0.46,-0.49,-0.49,-0.50,-0.50,-0.36,-0.50,-0.50,-0.50,-0.50,-0.50,-0.50,-0.50,-0.50,-0.50,-0.50,-0.50,-0.50,-0.51,-0.51,-0.51,-0.51,-0.51,-0.51,-0.51,-0.52,-0.52,-0.52
30-Nov-2006,-0.22,-0.21,-0.17,-0.17,-0.20,-0.20,-0.20,-0.19,-0.19,-0.19,-0.19,-0.20,-0.20,-0.21,-0.21,-0.21,-0.22,-0.22,-0.23,-0.24,-0.24,-0.24,-0.24,-0.25,-0.25,-0.25,-0.23,-0.23,-0.23,-0.23,-0.18,-0.23,-0.23,-0.23,-0.23,-0.23,-0.22,-0.22,-0.22,-0.22,-0.22,-0.22,-0.22,-0.22,-0.22,-0.22,-0.22,-0.22,-0.23,-0.23,-0.23,-0.23,-0.23
31-Dec-2006,-0.43,-0.46,-0.43,-0.44,-0.44,-0.44,-0.44,-0.44,-0.43,-0.43,-0.43,-0.44,-0.44,-0.44,-0.44,-0.45,-0.46,-0.47,-0.47,-0.48,-0.48,-0.49,-0.48,-0.49,-0.49,-0.49,-0.46,-0.46,-0.46,-0.45,-0.33,-0.45,-0.45,-0.45,-0.45,-0.45,-0.45,-0.45,-0.45,-0.45,-0.45,-0.45,-0.45,-0.45,-0.45,-0.45,-0.45,-0.45,-0.46,-0.46,-0.46,-0.46,-0.46
31-Jan-2007,-0.77,-0.91,-0.87,-0.86,-0.86,-0.85,-0.85,-0.84,-0.83,-0.82,-0.80,-0.82,-0.82,-0.81,-0.81,-0.82,-0.83,-0.85,-0.86,-0.87,-0.87,-0.88,-0.88,-0.89,-0.89,-0.89,-0.87,-0.87,-0.88,-0.87,-0.58,-0.87,-0.87,-0.87,-0.87,-0.87,-0.86,-0.86,-0.86,-0.86,-0.86,-0.86,-0.85,-0.86,-0.86,-0.86,-0.87,-0.87,-0.87,-0.87,-0.87,-0.87,-0.88
28-Feb-2007,-0.72,-0.71,-0.72,-0.72,-0.71,-0.71,-0.71,-0.72,-0.72,-0.71,-0.70,-0.71,-0.71,-0.72,-0.72,-0.72,-0.73,-0.73,-0.73,-0.74,-0.74,-0.75,-0.74,-0.75,-0.75,-0.76,-0.72,-0.72,-0.72,-0.71,-0.56,-0.72,-0.71,-0.71,-0.71,-0.71,-0.71,-0.71,-0.71,-0.71,-0.71,-0.71,-0.70,-0.70,-0.71,-0.71,-0.71,-0.71,-0.71,-0.71,-0.71,-0.71,-0.71
31-Mar-2007,-0.54,-0.47,-0.50,-0.50,-0.50,-0.50,-0.51,-0.50,-0.50,-0.50,-0.50,-0.51,-0.51,-0.52,-0.52,-0.53,-0.53,-0.54,-0.54,-0.54,-0.55,-0.55,-0.55,-0.56,-0.56,-0.56,-0.58,-0.58,-0.58,-0.58,-0.49,-0.59,-0.58,-0.58,-0.58,-0.58,-0.58,-0.58,-0.58,-0.58,-0.58,-0.58,-0.58,-0.58,-0.58,-0.59,-0.59,-0.59,-0.59,-0.59,-0.59,-0.59,-0.59
30-Apr-2007,-0.76,-0.74,-0.75,-0.74,-0.75,-0.75,-0.75,-0.75,-0.75,-0.75,-0.75,-0.75,-0.75,-0.74,-0.74,-0.74,-0.74,-0.74,-0.74,-0.74,-0.75,-0.75,-0.74,-0.75,-0.75,-0.75,-0.82,-0.82,-0.82,-0.81,-0.77,-0.81,-0.81,-0.81,-0.82,-0.82,-0.81,-0.81,-0.81,-0.81,-0.81,-0.81,-0.81,-0.81,-0.82,-0.82,-0.82,-0.82,-0.83,-0.83,-0.83,-0.83,-0.83
31-May-2007,-0.23,-0.26,-0.28,-0.29,-0.28,-0.28,-0.28,-0.29,-0.30,-0.30,-0.29,-0.31,-0.32,-0.32,-0.32,-0.31,-0.32,-0.32,-0.33,-0.33,-0.33,-0.33,-0.33,-0.34,-0.34,-0.34,-0.42,-0.42,-0.42,-0.41,-0.33,-0.41,-0.41,-0.41,-0.41,-0.41,-0.41,-0.41,-0.41,-0.41,-0.41,-0.41,-0.41,-0.41,-0.41,-0.41,-0.41,-0.41,-0.41,-0.41,-0.41,-0.42,-0.42
30-Jun-2007,-0.28,-0.31,-0.35,-0.37,-0.36,-0.36,-0.37,-0.37,-0.37,-0.36,-0.36,-0.37,-0.37,-0.37,-0.37,-0.38,-0.38,-0.37,-0.37,-0.38,-0.37,-0.37,-0.37,-0.38,-0.38,-0.38,-0.39,-0.38,-0.38,-0.37,-0.29,-0.37,-0.37,-0.37,-0.37,-0.37,-0.37,-0.37,-0.37,-0.37,-0.37,-0.37,-0.37,-0.37,-0.37,-0.37,-0.37,-0.37,-0.37,-0.37,-0.37,-0.37,-0.38
31-Jul-2007,-0.35,-0.35,-0.39,-0.37,-0.39,-0.39,-0.40,-0.40,-0.40,-0.40,-0.40,-0.33,-0.34,-0.39,-0.39,-0.39,-0.39,-0.39,-0.39,-0.38,-0.39,-0.38,-0.38,-0.39,-0.39,-0.39,-0.43,-0.43,-0.43,-0.43,-0.45,-0.43,-0.43,-0.43,-0.43,-0.43,-0.43,-0.42,-0.42,-0.42,-0.42,-0.42,-0.42,-0.42,-0.42,-0.42,-0.43,-0.42,-0.43,-0.43,-0.43,-0.44,-0.44
31-Aug-2007,-0.10,-0.02,-0.03,-0.04,-0.02,-0.02,-0.03,-0.05,-0.05,-0.05,-0.06,-0.08,-0.07,-0.08,-0.08,-0.07,-0.07,-0.07,-0.08,-0.08,-0.08,-0.08,-0.08,-0.08,-0.08,-0.08,-0.11,-0.11,-0.10,-0.11,-0.10,-0.10,-0.10,-0.10,-0.10,-0.10,-0.10,-0.10,-0.10,-0.10,-0.10,-0.10,-0.10,-0.10,-0.10,-0.09,-0.10,-0.09,-0.10,-0.10,-0.10,-0.10,-0.11
30-Sep-2007,-0.21,-0.05,-0.07,-0.09,-0.06,-0.07,-0.08,-0.08,-0.08,-0.09,-0.10,-0.11,-0.11,-0.11,-0.11,-0.11,-0.10,-0.09,-0.09,-0.09,-0.10,-0.10,-0.10,-0.10,-0.10,-0.10,-0.06,-0.06,-0.05,-0.05,-0.08,-0.04,-0.04,-0.04,-0.04,-0.04,-0.04,-0.04,-0.03,-0.04,-0.04,-0.03,-0.03,-0.03,-0.04,-0.03,-0.03,-0.03,-0.03,-0.03,-0.03,-0.04,-0.04
31-Oct-2007,-0.75,-0.56,-0.64,-0.65,-0.63,-0.63,-0.65,-0.65,-0.65,-0.66,-0.67,-0.69,-0.68,-0.66,-0.66,-0.66,-0.65,-0.63,-0.63,-0.63,-0.63,-0.63,-0.62,-0.63,-0.63,-0.63,-0.63,-0.63,-0.62,-0.61,-0.72,-0.60,-0.61,-0.61,-0.61,-0.61,-0.61,-0.61,-0.60,-0.61,-0.61,-0.61,-0.60,-0.60,-0.60,-0.60,-0.60,-0.60,-0.61,-0.61,-0.61,-0.61,-0.62
30-Nov-2007,-0.65,-0.35,-0.41,-0.43,-0.43,-0.42,-0.44,-0.45,-0.45,-0.47,-0.49,-0.51,-0.51,-0.51,-0.51,-0.51,-0.50,-0.48,-0.48,-0.48,-0.47,-0.47,-0.47,-0.47,-0.47,-0.47,-0.49,-0.49,-0.48,-0.48,-0.71,-0.48,-0.48,-0.48,-0.48,-0.49,-0.48,-0.48,-0.48,-0.48,-0.48,-0.48,-0.48,-0.48,-0.48,-0.48,-0.48,-0.48,-0.48,-0.48,-0.48,-0.49,-0.49
31-Dec-2007,-0.13,-0.14,-0.14,-0.16,-0.14,-0.15,-0.16,-0.17,-0.17,-0.17,-0.18,-0.18,-0.18,-0.18,-0.18,-0.18,-0.18,-0.17,-0.17,-0.17,-0.17,-0.17,-0.17,-0.17,-0.17,-0.17,-0.17,-0.16,-0.15,-0.15,-0.15,-0.15,-0.15,-0.15,-0.15,-0.14,-0.15,-0.14,-0.14,-0.14,-0.14,-0.15,-0.14,-0.14,-0.15,-0.14,-0.15,-0.14,-0.14,-0.14,-0.14,-0.15,-0.15
31-Jan-2008,-0.47,-0.32,-0.31,-0.31,-0.32,-0.31,-0.32,-0.34,-0.35,-0.36,-0.38,-0.33,-0.33,-0.37,-0.38,-0.37,-0.36,-0.35,-0.35,-0.35,-0.34,-0.34,-0.33,-0.34,-0.34,-0.34,-0.36,-0.36,-0.35,-0.36,-0.54,-0.36,-0.36,-0.37,-0.37,-0.36,-0.36,-0.37,-0.36,-0.37,-0.37,-0.37,-0.37,-0.37,-0.37,-0.37,-0.37,-0.37,-0.37,-0.37,-0.37,-0.38,-0.38
29-Feb-2008,0.43,0.56,0.49,0.46,0.45,0.44,0.42,0.41,0.39,0.37,0.35,0.33,0.32,0.32,0.32,0.33,0.34,0.36,0.37,0.38,0.39,0.40,0.41,0.40,0.40,0.41,0.42,0.43,0.44,0.44,0.26,0.45,0.45,0.45,0.45,0.45,0.45,0.46,0.46,0.46,0.46,0.46,0.46,0.46,0.46,0.46,0.46,0.47,0.47,0.47,0.47,0.46,0.45
31-Mar-2008,0.19,0.27,0.22,0.21,0.21,0.19,0.18,0.17,0.15,0.14,0.12,0.12,0.11,0.11,0.10,0.10,0.12,0.13,0.14,0.14,0.15,0.16,0.16,0.16,0.16,0.16,0.15,0.16,0.16,0.15,0.05,0.15,0.15,0.15,0.15,0.15,0.15,0.15,0.15,0.15,0.16,0.16,0.15,0.15,0.15,0.15,0.15,0.16,0.16,0.16,0.16,0.15,0.15
30-Apr-2008,0.17,0.15,0.13,0.15,0.17,0.17,0.15,0.12,0.11,0.10,0.09,0.07,0.07,0.08,0.08,0.08,0.08,0.09,0.10,0.11,0.11,0.12,0.12,0.12,0.12,0.12,0.11,0.12,0.12,0.13,0.11,0.13,0.13,0.13,0.14,0.14,0.14,0.14,0.14,0.14,0.14,0.14,0.14,0.14,0.14,0.14,0.14,0.14,0.13,0.13,0.13,0.13,0.13
31-May-2008,0.01,-0.09,-0.11,-0.10,-0.08,-0.07,-0.08,-0.11,-0.12,-0.12,-0.12,-0.15,-0.15,-0.16,-0.15,-0.15,-0.16,-0.15,-0.14,-0.13,-0.13,-0.12,-0.11,-0.12,-0.12,-0.12,-0.13,-0.13,-0.13,-0.13,-0.02,-0.12,-0.12,-0.12,-0.12,-0.12,-0.11,-0.11,-0.11,-0.11,-0.11,-0.11,-0.11,-0.11,-0.11,-0.11,-0.11,-0.11,-0.11,-0.12,-0.12,-0.12,-0.12
30-Jun-2008,0.26,0.36,0.31,0.31,0.31,0.30,0.28,0.25,0.23,0.21,0.19,0.16,0.15,0.14,0.14,0.15,0.16,0.18,0.19,0.20,0.21,0.22,0.22,0.22,0.22,0.23,0.24,0.25,0.26,0.26,0.14,0.27,0.27,0.27,0.27,0.28,0.28,0.28,0.28,0.28,0.28,0.28,0.28,0.28,0.27,0.27,0.27,0.28,0.28,0.28,0.28,0.27,0.27
31-Jul-2008,0.89,1.00,1.08,1.07,1.04,1.04,1.02,1.00,0.98,0.95,0.91,0.82,0.82,0.85,0.85,0.86,0.87,0.89,0.91,0.92,0.93,0.95,0.95,0.95,0.96,0.96,0.97,0.98,0.99,0.99,0.74,1.00,0.99,1.00,1.00,1.00,1.00,1.00,1.00,1.00,1.01,1.01,1.00,1.00,1.00,1.00,1.00,1.01,1.01,1.01,1.01,1.00,1.00
31-Aug-2008,0.28,0.06,0.25,0.25,0.25,0.26,0.26,0.25,0.24,0.24,0.22,0.18,0.18,0.17,0.17,0.17,0.17,0.17,0.18,0.19,0.20,0.21,0.21,0.21,0.22,0.22,0.26,0.27,0.27,0.28,0.35,0.28,0.28,0.28,0.28,0.28,0.28,0.28,0.28,0.28,0.29,0.29,0.28,0.28,0.28,0.28,0.28,0.28,0.28,0.28,0.28,0.28,0.28
30-Sep-2008,-0.41,-0.77,-0.58,-0.55,-0.55,-0.55,-0.56,-0.57,-0.58,-0.59,-0.59,-0.62,-0.63,-0.63,-0.63,-0.63,-0.63,-0.62,-0.61,-0.59,-0.58,-0.57,-0.56,-0.57,-0.56,-0.56,-0.53,-0.52,-0.52,-0.54,-0.32,-0.54,-0.54,-0.53,-0.53,-0.53,-0.53,-0.53,-0.53,-0.53,-0.52,-0.52,-0.53,-0.53,-0.53,-0.53,-0.54,-0.53,-0.53,-0.54,-0.54,-0.54,-0.53
31-Oct-2008,-0.61,-1.38,-1.21,-1.16,-1.06,-1.05,-1.04,-1.09,-1.09,-1.07,-1.03,-0.98,-0.98,-1.02,-1.03,-1.05,-1.05,-1.06,-1.04,-1.03,-1.02,-1.02,-1.02,-1.02,-1.02,-1.02,-0.98,-0.98,-0.98,-1.00,-0.24,-1.00,-0.99,-0.98,-0.98,-0.98,-0.97,-0.98,-0.97,-0.97,-0.96,-0.96,-0.97,-0.98,-0.97,-0.97,-0.98,-0.97,-0.97,-0.98,-0.99,-0.98,-0.98
30-Nov-2008,-1.57,-1.80,-1.60,-1.57,-1.51,-1.50,-1.52,-1.56,-1.57,-1.58,-1.60,-1.63,-1.64,-1.65,-1.64,-1.65,-1.65,-1.64,-1.61,-1.59,-1.58,-1.57,-1.58,-1.57,-1.57,-1.57,-1.51,-1.51,-1.50,-1.51,-1.24,-1.50,-1.50,-1.50,-1.50,-1.50,-1.51,-1.51,-1.51,-1.52,-1.51,-1.51,-1.52,-1.53,-1.52,-1.53,-1.53,-1.53,-1.53,-1.53,-1.53,-1.53,-1.52
31-Dec-2008,-0.96,-0.75,-0.65,-0.59,-0.59,-0.58,-0.61,-0.66,-0.69,-0.73,-0.79,-0.86,-0.87,-0.89,-0.88,-0.87,-0.86,-0.82,-0.79,-0.76,-0.74,-0.72,-0.72,-0.71,-0.71,-0.71,-0.68,-0.68,-0.66,-0.67,-0.89,-0.66,-0.66,-0.67,-0.67,-0.67,-0.68,-0.69,-0.69,-0.69,-0.69,-0.69,-0.70,-0.70,-0.70,-0.70,-0.70,-0.70,-0.70,-0.70,-0.70,-0.70,-0.69
31-Jan-2009,-0.47,-0.48,-0.50,-0.48,-0.40,-0.41,-0.42,-0.47,-0.51,-0.53,-0.56,-0.65,-0.68,-0.62,-0.61,-0.59,-0.58,-0.55,-0.53,-0.50,-0.48,-0.45,-0.45,-0.45,-0.44,-0.44,-0.38,-0.37,-0.36,-0.38,-0.43,-0.37,-0.37,-0.37,-0.38,-0.37,-0.38,-0.39,-0.39,-0.39,-0.39,-0.39,-0.40,-0.40,-0.40,-0.40,-0.40,-0.40,-0.40,-0.40,-0.40,-0.41,-0.41
28-Feb-2009,-0.30,-0.66,-0.74,-0.71,-0.64,-0.63,-0.62,-0.63,-0.64,-0.64,-0.62,-0.66,-0.68,-0.70,-0.67,-0.65,-0.67,-0.66,-0.64,-0.62,-0.60,-0.59,-0.57,-0.58,-0.57,-0.57,-0.44,-0.44,-0.43,-0.43,-0.02,-0.42,-0.42,-0.42,-0.42,-0.42,-0.42,-0.42,-0.42,-0.43,-0.42,-0.42,-0.43,-0.43,-0.42,-0.42,-0.43,-0.42,-0.43,-0.44,-0.44,-0.44,-0.45
31-Mar-2009,0.17,0.00,-0.10,-0.10,-0.07,-0.05,-0.04,-0.04,-0.05,-0.04,-0.04,-0.09,-0.10,-0.10,-0.10,-0.06,-0.04,-0.03,-0.01,0.01,0.02,0.03,0.04,0.05,0.05,0.05,0.17,0.18,0.18,0.20,0.36,0.21,0.21,0.21,0.21,0.20,0.21,0.20,0.20,0.20,0.20,0.21,0.20,0.19,0.20,0.20,0.20,0.20,0.20,0.19,0.19,0.18,0.17
30-Apr-2009,0.45,0.87,0.72,0.68,0.65,0.66,0.65,0.69,0.67,0.64,0.59,0.55,0.53,0.54,0.54,0.57,0.61,0.64,0.65,0.67,0.68,0.70,0.71,0.72,0.72,0.72,0.83,0.84,0.85,0.88,0.47,0.89,0.88,0.88,0.88,0.87,0.87,0.87,0.86,0.86,0.86,0.86,0.85,0.85,0.85,0.86,0.86,0.86,0.85,0.85,0.85,0.84,0.83
31-May-2009,-0.03,0.38,0.20,0.18,0.16,0.18,0.18,0.20,0.19,0.16,0.13,0.11,0.10,0.08,0.08,0.12,0.15,0.17,0.18,0.19,0.20,0.22,0.23,0.23,0.23,0.23,0.34,0.34,0.36,0.37,0.03,0.38,0.37,0.37,0.37,0.36,0.36,0.36,0.35,0.35,0.35,0.35,0.34,0.34,0.34,0.35,0.35,0.35,0.34,0.34,0.34,0.33,0.32
30-Jun-2009,-0.68,-0.59,-0.72,-0.74,-0.73,-0.69,-0.68,-0.66,-0.66,-0.66,-0.66,-0.68,-0.69,-0.66,-0.69,-0.67,-0.63,-0.62,-0.61,-0.61,-0.61,-0.60,-0.59,-0.60,-0.59,-0.60,-0.51,-0.51,-0.50,-0.49,-0.40,-0.49,-0.49,-0.49,-0.49,-0.49,-0.49,-0.49,-0.49,-0.49,-0.49,-0.49,-0.49,-0.50,-0.49,-0.49,-0.49,-0.49,-0.49,-0.50,-0.50,-0.51,-0.52
31-Jul-2009,-0.81,-0.68,-0.85,-0.87,-0.89,-0.88,-0.88,-0.88,-0.88,-0.87,-0.87,-0.84,-0.85,-0.89,-0.90,-0.88,-0.85,-0.83,-0.83,-0.83,-0.82,-0.81,-0.79,-0.81,-0.81,-0.81,-0.75,-0.74,-0.74,-0.73,-0.70,-0.73,-0.73,-0.73,-0.73,-0.73,-0.73,-0.73,-0.73,-0.73,-0.73,-0.73,-0.73,-0.73,-0.73,-0.73,-0.73,-0.73,-0.73,-0.74,-0.74,-0.75,-0.76
31-Aug-2009,-1.20,-0.92,-1.12,-1.16,-1.17,-1.17,-1.18,-1.17,-1.17,-1.18,-1.19,-1.20,-1.21,-1.22,-1.21,-1.20,-1.19,-1.17,-1.16,-1.16,-1.16,-1.15,-1.13,-1.15,-1.15,-1.15,-1.12,-1.12,-1.11,-1.10,-1.17,-1.10,-1.10,-1.10,-1.10,-1.11,-1.11,-1.11,-1.11,-1.11,-1.11,-1.11,-1.12,-1.12,-1.12,-1.12,-1.12,-1.12,-1.12,-1.12,-1.13,-1.14,-1.14
30-Sep-2009,-0.59,-0.21,-0.42,-0.44,-0.47,-0.48,-0.49,-0.50,-0.51,-0.52,-0.54,-0.57,-0.57,-0.58,-0.58,-0.56,-0.54,-0.52,-0.52,-0.52,-0.51,-0.50,-0.48,-0.50,-0.50,-0.50,-0.51,-0.50,-0.49,-0.49,-0.67,-0.49,-0.49,-0.49,-0.49,-0.49,-0.49,-0.48,-0.48,-0.49,-0.48,-0.48,-0.48,-0.49,-0.49,-0.49,-0.49,-0.48,-0.49,-0.49,-0.49,-0.50,-0.51
31-Oct-2009,-0.61,-0.12,-0.27,-0.33,-0.38,-0.39,-0.42,-0.42,-0.43,-0.46,-0.49,-0.71,-0.71,-0.53,-0.54,-0.52,-0.50,-0.48,-0.48,-0.48,-0.47,-0.46,-0.44,-0.46,-0.46,-0.47,-0.48,-0.47,-0.47,-0.45,-0.79,-0.45,-0.45,-0.45,-0.45,-0.46,-0.46,-0.45,-0.45,-0.45,-0.45,-0.45,-0.45,-0.45,-0.45,-0.45,-0.45,-0.45,-0.45,-0.45,-0.46,-0.46,-0.47
30-Nov-2009,-0.85,-0.56,-0.64,-0.69,-0.72,-0.73,-0.75,-0.74,-0.75,-0.76,-0.78,-0.82,-0.82,-0.83,-0.83,-0.82,-0.81,-0.79,-0.79,-0.80,-0.79,-0.79,-0.76,-0.79,-0.80,-0.80,-0.80,-0.80,-0.79,-0.79,-0.90,-0.79,-0.79,-0.79,-0.79,-0.79,-0.79,-0.79,-0.79,-0.79,-0.79,-0.79,-0.79,-0.79,-0.79,-0.79,-0.79,-0.79,-0.79,-0.79,-0.79,-0.80,-0.80
31-Dec-2009,-0.55,-0.46,-0.48,-0.54,-0.57,-0.60,-0.62,-0.61,-0.62,-0.63,-0.63,-0.65,-0.65,-0.66,-0.66,-0.66,-0.64,-0.63,-0.63,-0.63,-0.63,-0.63,-0.61,-0.64,-0.64,-0.64,-0.64,-0.63,-0.63,-0.63,-0.64,-0.62,-0.62,-0.62,-0.62,-0.62,-0.62,-0.61,-0.61,-0.61,-0.61,-0.61,-0.60,-0.61,-0.61,-0.61,-0.61,-0.61,-0.61,-0.61,-0.61,-0.62,-0.63
31-Jan-2010,-0.22,-0.13,-0.15,-0.16,-0.20,-0.23,-0.25,-0.25,-0.26,-0.26,-0.27,-0.13,-0.13,-0.32,-0.31,-0.30,-0.31,-0.30,-0.30,-0.30,-0.30,-0.30,-0.28,-0.30,-0.31,-0.31,-0.33,-0.33,-0.32,-0.33,-0.36,-0.33,-0.33,-0.33,-0.33,-0.33,-0.33,-0.32,-0.32,-0.32,-0.32,-0.32,-0.32,-0.32,-0.32,-0.32,-0.32,-0.32,-0.32,-0.32,-0.32,-0.33,-0.33
28-Feb-2010,0.02,-0.11,-0.07,-0.09,-0.08,-0.10,-0.10,-0.12,-0.12,-0.12,-0.11,-0.10,-0.11,-0.10,-0.11,-0.11,-0.11,-0.12,-0.13,-0.13,-0.13,-0.14,-0.13,-0.14,-0.14,-0.14,-0.17,-0.17,-0.17,-0.17,-0.05,-0.17,-0.17,-0.17,-0.17,-0.17,-0.16,-0.16,-0.16,-0.16,-0.16,-0.16,-0.16,-0.16,-0.15,-0.15,-0.15,-0.15,-0.15,-0.15,-0.15,-0.16,-0.17
31-Mar-2010,0.48,0.45,0.49,0.47,0.45,0.43,0.43,0.41,0.41,0.41,0.40,0.40,0.40,0.38,0.39,0.40,0.40,0.40,0.39,0.39,0.39,0.39,0.40,0.39,0.39,0.38,0.34,0.34,0.34,0.35,0.26,0.35,0.35,0.35,0.35,0.35,0.35,0.35,0.36,0.36,0.36,0.36,0.36,0.36,0.36,0.36,0.36,0.37,0.37,0.37,0.37,0.36,0.35
30-Apr-2010,0.51,0.32,0.34,0.30,0.30,0.28,0.28,0.27,0.26,0.27,0.28,0.37,0.37,0.30,0.31,0.31,0.31,0.31,0.30,0.30,0.30,0.29,0.30,0.29,0.29,0.29,0.25,0.25,0.26,0.27,0.26,0.27,0.27,0.27,0.27,0.27,0.28,0.28,0.28,0.28,0.28,0.28,0.28,0.29,0.29,0.29,0.29,0.29,0.30,0.30,0.30,0.29,0.28
31-May-2010,0.79,0.39,0.44,0.41,0.39,0.38,0.38,0.38,0.39,0.40,0.43,0.44,0.44,0.45,0.45,0.44,0.43,0.43,0.42,0.42,0.41,0.41,0.41,0.40,0.40,0.40,0.41,0.41,0.41,0.40,0.65,0.40,0.40,0.41,0.41,0.41,0.42,0.42,0.42,0.43,0.43,0.43,0.43,0.43,0.44,0.44,0.44,0.44,0.44,0.44,0.44,0.44,0.42
30-Jun-2010,0.26,-0.03,-0.04,-0.02,-0.03,-0.05,-0.05,-0.06,-0.06,-0.04,-0.01,-0.02,-0.02,0.00,-0.01,-0.02,-0.03,-0.04,-0.03,-0.03,-0.04,-0.04,-0.05,-0.05,-0.05,-0.05,-0.05,-0.05,-0.05,-0.05,0.19,-0.06,-0.05,-0.05,-0.05,-0.05,-0.04,-0.04,-0.04,-0.04,-0.04,-0.04,-0.04,-0.04,-0.03,-0.03,-0.03,-0.03,-0.03,-0.03,-0.03,-0.03,-0.04
31-Jul-2010,0.20,0.15,0.09,0.10,0.10,0.07,0.06,0.02,0.01,0.01,0.01,0.07,0.06,0.01,0.02,0.01,0.02,0.02,0.03,0.03,0.03,0.03,0.03,0.03,0.03,0.03,-0.04,-0.04,-0.04,-0.05,-0.11,-0.05,-0.05,-0.05,-0.05,-0.05,-0.05,-0.05,-0.05,-0.05,-0.05,-0.05,-0.05,-0.05,-0.05,-0.05,-0.05,-0.05,-0.04,-0.04,-0.04,-0.04,-0.05
31-Aug-2010,0.44,0.58,0.54,0.50,0.50,0.46,0.44,0.39,0.38,0.35,0.33,0.30,0.30,0.28,0.29,0.29,0.30,0.32,0.32,0.33,0.33,0.34,0.34,0.34,0.34,0.34,0.31,0.31,0.32,0.31,0.03,0.32,0.31,0.31,0.31,0.31,0.30,0.31,0.31,0.31,0.30,0.30,0.31,0.30,0.30,0.30,0.30,0.30,0.31,0.31,0.31,0.31,0.31
30-Sep-2010,0.44,0.54,0.50,0.48,0.45,0.43,0.42,0.40,0.39,0.37,0.35,0.32,0.31,0.31,0.31,0.32,0.33,0.35,0.36,0.37,0.37,0.38,0.39,0.38,0.39,0.39,0.36,0.37,0.37,0.38,0.12,0.38,0.38,0.37,0.37,0.37,0.37,0.37,0.37,0.37,0.37,0.37,0.38,0.38,0.37,0.37,0.37,0.37,0.37,0.37,0.37,0.37,0.36
31-Oct-2010,0.60,0.86,0.83,0.81,0.79,0.77,0.76,0.74,0.72,0.69,0.66,0.49,0.48,0.60,0.61,0.62,0.62,0.65,0.66,0.66,0.67,0.68,0.68,0.68,0.69,0.69,0.67,0.67,0.68,0.69,0.26,0.69,0.69,0.68,0.68,0.68,0.68,0.68,0.68,0.68,0.68,0.67,0.68,0.68,0.68,0.68,0.68,0.68,0.68,0.68,0.68,0.68,0.68
30-Nov-2010,0.54,0.49,0.44,0.43,0.44,0.43,0.43,0.43,0.43,0.42,0.42,0.41,0.40,0.40,0.40,0.40,0.41,0.41,0.42,0.42,0.42,0.42,0.42,0.43,0.43,0.43,0.44,0.44,0.44,0.45,0.40,0.45,0.45,0.45,0.45,0.45,0.45,0.45,0.45,0.46,0.46,0.45,0.46,0.46,0.46,0.46,0.46,0.46,0.46,0.45,0.45,0.45,0.44
31-Dec-2010,0.89,0.74,0.71,0.70,0.69,0.69,0.69,0.70,0.70,0.71,0.71,0.69,0.69,0.68,0.69,0.69,0.68,0.68,0.68,0.68,0.68,0.67,0.67,0.68,0.68,0.68,0.69,0.69,0.69,0.70,0.71,0.70,0.70,0.70,0.70,0.70,0.70,0.70,0.70,0.70,0.70,0.70,0.70,0.70,0.71,0.71,0.71,0.71,0.71,0.70,0.70,0.70,0.69
31-Jan-2011,0.87,0.91,0.87,0.86,0.84,0.83,0.83,0.82,0.82,0.81,0.80,0.88,0.88,0.78,0.78,0.79,0.80,0.81,0.81,0.81,0.81,0.81,0.80,0.82,0.82,0.82,0.79,0.79,0.80,0.77,0.58,0.78,0.78,0.77,0.77,0.77,0.77,0.77,0.77,0.77,0.77,0.77,0.78,0.78,0.78,0.78,0.78,0.78,0.78,0.78,0.77,0.77,0.76
28-Feb-2011,0.40,0.49,0.45,0.42,0.41,0.41,0.41,0.40,0.40,0.40,0.38,0.34,0.34,0.34,0.34,0.35,0.35,0.36,0.36,0.36,0.36,0.36,0.36,0.36,0.37,0.37,0.35,0.36,0.36,0.37,0.17,0.37,0.37,0.36,0.37,0.36,0.36,0.36,0.36,0.36,0.36,0.36,0.36,0.36,0.37,0.37,0.37,0.37,0.37,0.37,0.37,0.36,0.35
31-Mar-2011,0.89,0.95,0.87,0.84,0.79,0.77,0.76,0.75,0.75,0.72,0.71,0.67,0.67,0.67,0.66,0.66,0.68,0.69,0.70,0.70,0.71,0.71,0.70,0.71,0.71,0.71,0.72,0.72,0.72,0.73,0.54,0.73,0.73,0.72,0.73,0.73,0.73,0.73,0.73,0.73,0.73,0.73,0.73,0.73,0.74,0.74,0.74,0.74,0.74,0.74,0.74,0.74,0.74
30-Apr-2011,1.73,1.72,1.73,1.68,1.63,1.60,1.58,1.57,1.56,1.54,1.51,1.47,1.47,1.51,1.49,1.50,1.52,1.53,1.54,1.54,1.54,1.55,1.53,1.55,1.55,1.56,1.54,1.55,1.55,1.59,1.35,1.59,1.59,1.59,1.60,1.60,1.60,1.60,1.61,1.61,1.61,1.61,1.61,1.62,1.62,1.62,1.62,1.62,1.62,1.63,1.63,1.63,1.60
31-May-2011,0.99,0.99,1.05,1.03,1.01,0.99,0.98,0.97,0.96,0.94,0.92,0.92,0.91,0.87,0.91,0.91,0.88,0.89,0.90,0.90,0.91,0.91,0.90,0.91,0.91,0.92,0.90,0.91,0.92,0.91,0.78,0.92,0.92,0.92,0.93,0.93,0.93,0.93,0.93,0.94,0.94,0.94,0.94,0.94,0.94,0.94,0.94,0.94,0.94,0.94,0.94,0.94,0.93
30-Jun-2011,0.13,0.21,0.26,0.27,0.26,0.26,0.25,0.23,0.22,0.21,0.19,0.16,0.17,0.15,0.16,0.16,0.15,0.16,0.17,0.17,0.18,0.18,0.18,0.19,0.19,0.19,0.18,0.18,0.19,0.20,0.08,0.20,0.20,0.20,0.20,0.20,0.20,0.20,0.20,0.20,0.21,0.20,0.20,0.20,0.20,0.20,0.20,0.20,0.20,0.20,0.20,0.20,0.20
31-Jul-2011,0.15,0.27,0.33,0.33,0.33,0.32,0.30,0.28,0.27,0.25,0.22,0.19,0.18,0.23,0.20,0.20,0.23,0.25,0.26,0.26,0.27,0.28,0.28,0.28,0.28,0.28,0.26,0.26,0.27,0.28,0.10,0.29,0.29,0.29,0.29,0.29,0.29,0.29,0.29,0.29,0.29,0.29,0.29,0.29,0.29,0.29,0.29,0.29,0.29,0.29,0.29,0.29,0.28
31-Aug-2011,-0.09,-0.09,-0.02,-0.03,-0.02,-0.03,-0.04,-0.06,-0.08,-0.09,-0.11,-0.13,-0.14,-0.14,-0.14,-0.14,-0.14,-0.12,-0.12,-0.11,-0.10,-0.09,-0.09,-0.09,-0.09,-0.09,-0.10,-0.10,-0.10,-0.10,-0.14,-0.10,-0.10,-0.09,-0.09,-0.09,-0.09,-0.09,-0.09,-0.09,-0.09,-0.09,-0.09,-0.10,-0.10,-0.10,-0.10,-0.10,-0.10,-0.10,-0.10,-0.10,-0.11
30-Sep-2011,-0.44,-0.68,-0.57,-0.57,-0.56,-0.56,-0.56,-0.57,-0.57,-0.58,-0.57,-0.59,-0.59,-0.58,-0.59,-0.59,-0.59,-0.58,-0.58,-0.57,-0.57,-0.57,-0.56,-0.56,-0.56,-0.56,-0.55,-0.55,-0.55,-0.55,-0.32,-0.55,-0.55,-0.54,-0.54,-0.54,-0.54,-0.54,-0.54,-0.54,-0.54,-0.54,-0.54,-0.55,-0.55,-0.55,-0.55,-0.55,-0.55,-0.55,-0.55,-0.55,-0.55
31-Oct-2011,-0.26,-0.45,-0.39,-0.39,-0.37,-0.38,-0.38,-0.39,-0.40,-0.40,-0.40,-0.41,-0.42,-0.40,-0.40,-0.40,-0.39,-0.39,-0.38,-0.37,-0.37,-0.37,-0.36,-0.37,-0.36,-0.36,-0.37,-0.37,-0.36,-0.38,-0.18,-0.38,-0.37,-0.37,-0.37,-0.36,-0.36,-0.36,-0.36,-0.37,-0.36,-0.36,-0.37,-0.37,-0.37,-0.37,-0.37,-0.37,-0.37,-0.38,-0.38,-0.38,-0.38
30-Nov-2011,0.24,0.17,0.19,0.17,0.15,0.15,0.14,0.13,0.11,0.10,0.09,0.09,0.08,0.06,0.07,0.07,0.07,0.08,0.09,0.10,0.10,0.11,0.12,0.11,0.12,0.12,0.12,0.12,0.13,0.14,0.13,0.14,0.14,0.14,0.14,0.15,0.15,0.15,0.15,0.14,0.15,0.15,0.15,0.15,0.14,0.14,0.14,0.14,0.14,0.14,0.14,0.14,0.14
31-Dec-2011,0.11,-0.08,-0.04,-0.03,-0.05,-0.06,-0.06,-0.06,-0.07,-0.07,-0.08,-0.07,-0.08,-0.07,-0.08,-0.07,-0.07,-0.06,-0.06,-0.05,-0.05,-0.04,-0.03,-0.04,-0.04,-0.03,-0.06,-0.05,-0.05,-0.05,0.09,-0.05,-0.04,-0.04,-0.04,-0.04,-0.03,-0.03,-0.03,-0.03,-0.03,-0.03,-0.03,-0.04,-0.04,-0.04,-0.04,-0.04,-0.04,-0.04,-0.04,-0.04,-0.05
31-Jan-2012,0.52,0.39,0.38,0.36,0.38,0.36,0.36,0.34,0.33,0.33,0.32,0.36,0.35,0.34,0.35,0.36,0.36,0.37,0.37,0.38,0.38,0.39,0.40,0.39,0.40,0.40,0.37,0.37,0.38,0.38,0.37,0.39,0.39,0.39,0.39,0.39,0.39,0.39,0.39,0.39,0.39,0.39,0.39,0.39,0.39,0.39,0.39,0.39,0.39,0.39,0.39,0.38,0.38
29-Feb-2012,0.06,0.05,-0.01,-0.02,-0.03,-0.03,-0.03,-0.04,-0.04,-0.05,-0.05,-0.04,-0.05,-0.06,-0.06,-0.05,-0.04,-0.03,-0.03,-0.02,-0.02,-0.01,0.00,-0.01,-0.01,-0.01,-0.01,-0.01,0.00,0.01,0.04,0.02,0.02,0.02,0.02,0.02,0.02,0.03,0.02,0.02,0.03,0.02,0.02,0.02,0.02,0.02,0.02,0.02,0.02,0.02,0.01,0.01,0.00
31-Mar-2012,-0.28,-0.38,-0.44,-0.42,-0.41,-0.39,-0.39,-0.40,-0.39,-0.39,-0.38,-0.37,-0.38,-0.37,-0.38,-0.37,-0.37,-0.37,-0.37,-0.37,-0.37,-0.37,-0.35,-0.36,-0.36,-0.36,-0.38,-0.38,-0.38,-0.37,-0.13,-0.36,-0.36,-0.36,-0.36,-0.36,-0.35,-0.35,-0.35,-0.35,-0.35,-0.35,-0.35,-0.36,-0.35,-0.36,-0.36,-0.36,-0.36,-0.36,-0.37,-0.37,-0.37
30-Apr-2012,-0.25,-0.25,-0.26,-0.28,-0.27,-0.27,-0.28,-0.30,-0.31,-0.31,-0.32,-0.35,-0.36,-0.33,-0.33,-0.33,-0.32,-0.31,-0.31,-0.31,-0.31,-0.30,-0.29,-0.30,-0.30,-0.30,-0.32,-0.32,-0.32,-0.31,-0.21,-0.31,-0.31,-0.31,-0.31,-0.31,-0.31,-0.31,-0.31,-0.31,-0.31,-0.31,-0.31,-0.31,-0.32,-0.32,-0.32,-0.32,-0.32,-0.32,-0.32,-0.33,-0.33
31-May-2012,-0.60,-0.69,-0.68,-0.68,-0.67,-0.68,-0.69,-0.71,-0.71,-0.72,-0.72,-0.71,-0.71,-0.71,-0.71,-0.72,-0.71,-0.69,-0.69,-0.68,-0.67,-0.67,-0.66,-0.67,-0.67,-0.67,-0.67,-0.67,-0.67,-0.67,-0.53,-0.67,-0.66,-0.66,-0.66,-0.66,-0.66,-0.66,-0.66,-0.66,-0.65,-0.65,-0.66,-0.66,-0.66,-0.67,-0.67,-0.67,-0.67,-0.67,-0.67,-0.67,-0.68
30-Jun-2012,-0.63,-0.66,-0.65,-0.64,-0.64,-0.64,-0.65,-0.67,-0.68,-0.68,-0.69,-0.68,-0.69,-0.69,-0.69,-0.69,-0.69,-0.69,-0.68,-0.68,-0.67,-0.67,-0.66,-0.67,-0.67,-0.67,-0.71,-0.71,-0.71,-0.70,-0.61,-0.70,-0.70,-0.70,-0.70,-0.70,-0.70,-0.70,-0.70,-0.69,-0.69,-0.69,-0.69,-0.69,-0.70,-0.70,-0.70,-0.70,-0.70,-0.70,-0.70,-0.71,-0.71
31-Jul-2012,-0.69,-0.64,-0.63,-0.63,-0.62,-0.63,-0.65,-0.67,-0.69,-0.70,-0.73,-0.66,-0.67,-0.71,-0.71,-0.71,-0.70,-0.69,-0.68,-0.67,-0.66,-0.65,-0.64,-0.65,-0.65,-0.65,-0.68,-0.68,-0.68,-0.67,-0.75,-0.67,-0.67,-0.67,-0.67,-0.67,-0.67,-0.67,-0.67,-0.67,-0.67,-0.68,-0.68,-0.68,-0.68,-0.69,-0.69,-0.69,-0.69,-0.69,-0.69,-0.69,-0.68
31-Aug-2012,-0.11,-0.13,-0.10,-0.09,-0.10,-0.10,-0.11,-0.13,-0.14,-0.15,-0.17,-0.17,-0.18,-0.18,-0.19,-0.18,-0.17,-0.15,-0.14,-0.14,-0.13,-0.12,-0.11,-0.11,-0.11,-0.11,-0.14,-0.14,-0.14,-0.13,-0.17,-0.13,-0.13,-0.12,-0.13,-0.13,-0.13,-0.13,-0.13,-0.13,-0.12,-0.12,-0.13,-0.13,-0.13,-0.13,-0.13,-0.13,-0.13,-0.14,-0.14,-0.14,-0.14
30-Sep-2012,-0.21,-0.17,-0.17,-0.19,-0.19,-0.20,-0.21,-0.23,-0.24,-0.26,-0.28,-0.27,-0.28,-0.30,-0.29,-0.28,-0.28,-0.27,-0.26,-0.25,-0.25,-0.24,-0.23,-0.23,-0.23,-0.23,-0.25,-0.25,-0.25,-0.24,-0.31,-0.24,-0.24,-0.24,-0.24,-0.24,-0.25,-0.25,-0.25,-0.25,-0.25,-0.25,-0.25,-0.26,-0.26,-0.26,-0.26,-0.26,-0.26,-0.26,-0.26,-0.26,-0.26
31-Oct-2012,0.07,0.12,0.10,0.08,0.06,0.04,0.03,0.01,0.00,-0.02,-0.04,-0.10,-0.11,-0.09,-0.09,-0.07,-0.06,-0.04,-0.03,-0.02,-0.01,0.00,0.01,0.00,0.01,0.01,0.01,0.01,0.02,0.01,-0.10,0.02,0.02,0.02,0.02,0.02,0.01,0.01,0.01,0.01,0.01,0.01,0.01,0.00,0.00,0.00,0.00,0.00,0.00,0.00,-0.01,-0.01,-0.01
30-Nov-2012,-0.30,-0.23,-0.27,-0.29,-0.31,-0.31,-0.33,-0.34,-0.36,-0.37,-0.39,-0.40,-0.41,-0.42,-0.42,-0.40,-0.38,-0.36,-0.36,-0.35,-0.34,-0.33,-0.32,-0.33,-0.33,-0.33,-0.35,-0.35,-0.34,-0.33,-0.46,-0.33,-0.33,-0.33,-0.33,-0.33,-0.33,-0.34,-0.34,-0.34,-0.34,-0.34,-0.34,-0.35,-0.35,-0.35,-0.35,-0.35,-0.35,-0.35,-0.35,-0.36,-0.36
31-Dec-2012,-0.03,-0.05,-0.09,-0.11,-0.12,-0.13,-0.13,-0.14,-0.15,-0.17,-0.18,-0.17,-0.19,-0.19,-0.19,-0.18,-0.17,-0.17,-0.16,-0.16,-0.15,-0.14,-0.14,-0.14,-0.14,-0.14,-0.15,-0.15,-0.14,-0.13,-0.16,-0.13,-0.13,-0.13,-0.13,-0.13,-0.13,-0.13,-0.14,-0.14,-0.14,-0.14,-0.14,-0.15,-0.15,-0.15,-0.15,-0.15,-0.15,-0.15,-0.15,-0.15,-0.15
31-Jan-2013,0.08,-0.07,-0.05,-0.05,-0.05,-0.05,-0.05,-0.05,-0.05,-0.05,-0.05,-0.02,-0.03,-0.06,-0.06,-0.05,-0.05,-0.05,-0.05,-0.04,-0.04,-0.04,-0.03,-0.04,-0.03,-0.03,-0.05,-0.05,-0.05,-0.03,0.02,-0.03,-0.03,-0.03,-0.03,-0.03,-0.03,-0.04,-0.04,-0.04,-0.03,-0.04,-0.04,-0.04,-0.04,-0.04,-0.04,-0.04,-0.05,-0.05,-0.05,-0.05,-0.06
28-Feb-2013,-0.16,-0.42,-0.38,-0.39,-0.39,-0.40,-0.40,-0.40,-0.40,-0.40,-0.39,-0.37,-0.38,-0.39,-0.38,-0.38,-0.39,-0.38,-0.38,-0.38,-0.38,-0.38,-0.37,-0.38,-0.38,-0.37,-0.37,-0.37,-0.37,-0.36,-0.21,-0.36,-0.36,-0.36,-0.36,-0.36,-0.36,-0.36,-0.36,-0.36,-0.36,-0.36,-0.36,-0.37,-0.37,-0.37,-0.37,-0.37,-0.37,-0.37,-0.38,-0.38,-0.38
31-Mar-2013,-0.44,-0.63,-0.56,-0.55,-0.54,-0.54,-0.54,-0.54,-0.54,-0.54,-0.54,-0.53,-0.54,-0.53,-0.54,-0.54,-0.52,-0.52,-0.52,-0.52,-0.51,-0.51,-0.50,-0.51,-0.51,-0.51,-0.54,-0.54,-0.53,-0.53,-0.41,-0.53,-0.53,-0.53,-0.53,-0.53,-0.53,-0.53,-0.53,-0.53,-0.52,-0.53,-0.53,-0.53,-0.53,-0.53,-0.54,-0.53,-0.54,-0.54,-0.54,-0.55,-0.55
30-Apr-2013,-0.60,-0.78,-0.75,-0.76,-0.73,-0.73,-0.72,-0.74,-0.74,-0.74,-0.73,-0.76,-0.76,-0.73,-0.73,-0.73,-0.72,-0.72,-0.71,-0.71,-0.71,-0.71,-0.70,-0.71,-0.71,-0.71,-0.72,-0.72,-0.72,-0.71,-0.57,-0.71,-0.71,-0.71,-0.71,-0.71,-0.71,-0.71,-0.71,-0.71,-0.71,-0.71,-0.72,-0.72,-0.72,-0.72,-0.72,-0.72,-0.73,-0.73,-0.73,-0.73,-0.74
31-May-2013,-0.82,-0.86,-0.87,-0.84,-0.83,-0.82,-0.82,-0.83,-0.84,-0.84,-0.83,-0.83,-0.84,-0.83,-0.84,-0.84,-0.82,-0.82,-0.82,-0.81,-0.81,-0.81,-0.80,-0.81,-0.81,-0.81,-0.85,-0.85,-0.84,-0.83,-0.79,-0.83,-0.84,-0.84,-0.84,-0.84,-0.84,-0.84,-0.84,-0.84,-0.84,-0.84,-0.85,-0.85,-0.85,-0.86,-0.86,-0.86,-0.86,-0.87,-0.87,-0.87,-0.87
30-Jun-2013,-0.56,-0.59,-0.61,-0.62,-0.60,-0.61,-0.60,-0.62,-0.63,-0.63,-0.63,-0.63,-0.64,-0.64,-0.64,-0.64,-0.64,-0.63,-0.63,-0.63,-0.63,-0.62,-0.61,-0.62,-0.62,-0.63,-0.64,-0.64,-0.64,-0.65,-0.59,-0.65,-0.64,-0.65,-0.65,-0.65,-0.65,-0.65,-0.65,-0.65,-0.65,-0.65,-0.66,-0.66,-0.66,-0.66,-0.66,-0.66,-0.66,-0.67,-0.67,-0.67,-0.68
31-Jul-2013,-0.62,-0.63,-0.65,-0.65,-0.66,-0.66,-0.66,-0.66,-0.66,-0.66,-0.66,-0.66,-0.67,-0.68,-0.67,-0.66,-0.66,-0.65,-0.64,-0.64,-0.64,-0.64,-0.62,-0.64,-0.64,-0.64,-0.65,-0.64,-0.64,-0.63,-0.65,-0.63,-0.64,-0.64,-0.64,-0.64,-0.64,-0.64,-0.65,-0.64,-0.64,-0.64,-0.65,-0.65,-0.65,-0.65,-0.65,-0.65,-0.65,-0.66,-0.66,-0.66,-0.66
31-Aug-2013,-0.54,-0.44,-0.48,-0.50,-0.51,-0.52,-0.52,-0.53,-0.53,-0.54,-0.55,-0.54,-0.55,-0.56,-0.56,-0.55,-0.54,-0.52,-0.52,-0.53,-0.53,-0.52,-0.51,-0.52,-0.52,-0.52,-0.55,-0.55,-0.55,-0.55,-0.67,-0.55,-0.55,-0.55,-0.55,-0.56,-0.56,-0.56,-0.56,-0.56,-0.56,-0.56,-0.56,-0.56,-0.56,-0.56,-0.56,-0.56,-0.57,-0.57,-0.57,-0.57,-0.58
30-Sep-2013,-0.26,-0.14,-0.19,-0.22,-0.24,-0.25,-0.27,-0.27,-0.27,-0.28,-0.30,-0.30,-0.31,-0.32,-0.32,-0.31,-0.30,-0.28,-0.28,-0.28,-0.28,-0.28,-0.27,-0.28,-0.28,-0.28,-0.28,-0.28,-0.28,-0.27,-0.46,-0.27,-0.27,-0.27,-0.27,-0.27,-0.27,-0.27,-0.27,-0.27,-0.27,-0.27,-0.27,-0.27,-0.28,-0.28,-0.28,-0.28,-0.28,-0.28,-0.28,-0.29,-0.29
31-Oct-2013,-0.11,-0.04,-0.10,-0.10,-0.13,-0.13,-0.14,-0.15,-0.16,-0.16,-0.18,-0.16,-0.16,-0.19,-0.19,-0.18,-0.17,-0.16,-0.16,-0.16,-0.16,-0.16,-0.15,-0.16,-0.16,-0.16,-0.18,-0.17,-0.17,-0.18,-0.29,-0.18,-0.18,-0.18,-0.18,-0.18,-0.18,-0.18,-0.18,-0.18,-0.18,-0.18,-0.17,-0.18,-0.18,-0.18,-0.18,-0.18,-0.18,-0.18,-0.19,-0.19,-0.20
30-Nov-2013,-0.65,-0.58,-0.62,-0.63,-0.61,-0.61,-0.61,-0.63,-0.64,-0.64,-0.65,-0.67,-0.67,-0.67,-0.67,-0.67,-0.66,-0.66,-0.66,-0.66,-0.66,-0.66,-0.65,-0.66,-0.67,-0.67,-0.69,-0.69,-0.69,-0.68,-0.72,-0.68,-0.68,-0.68,-0.68,-0.69,-0.69,-0.69,-0.69,-0.69,-0.69,-0.69,-0.69,-0.69,-0.69,-0.69,-0.69,-0.69,-0.69,-0.69,-0.70,-0.70,-0.70
31-Dec-2013,-0.46,-0.44,-0.44,-0.46,-0.46,-0.45,-0.45,-0.45,-0.46,-0.46,-0.46,-0.49,-0.49,-0.50,-0.49,-0.49,-0.49,-0.48,-0.48,-0.49,-0.49,-0.49,-0.48,-0.50,-0.50,-0.50,-0.50,-0.49,-0.49,-0.48,-0.51,-0.48,-0.49,-0.49,-0.49,-0.49,-0.49,-0.49,-0.49,-0.49,-0.49,-0.49,-0.49,-0.49,-0.49,-0.49,-0.49,-0.49,-0.49,-0.50,-0.50,-0.50,-0.50
31-Jan-2014,-0.55,-0.61,-0.60,-0.60,-0.62,-0.62,-0.62,-0.61,-0.60,-0.60,-0.59,-0.59,-0.59,-0.61,-0.61,-0.61,-0.61,-0.61,-0.61,-0.62,-0.62,-0.62,-0.62,-0.63,-0.63,-0.63,-0.63,-0.63,-0.63,-0.63,-0.55,-0.63,-0.63,-0.63,-0.63,-0.63,-0.63,-0.63,-0.63,-0.63,-0.63,-0.63,-0.63,-0.63,-0.63,-0.63,-0.63,-0.63,-0.63,-0.64,-0.64,-0.64,-0.65
28-Feb-2014,-0.27,-0.27,-0.24,-0.23,-0.24,-0.24,-0.24,-0.24,-0.24,-0.25,-0.25,-0.27,-0.27,-0.28,-0.27,-0.27,-0.28,-0.27,-0.28,-0.28,-0.28,-0.28,-0.28,-0.29,-0.29,-0.29,-0.30,-0.29,-0.29,-0.29,-0.30,-0.29,-0.29,-0.29,-0.29,-0.29,-0.29,-0.29,-0.29,-0.28,-0.28,-0.28,-0.28,-0.28,-0.28,-0.28,-0.28,-0.28,-0.28,-0.28,-0.28,-0.29,-0.29
31-Mar-2014,-0.61,-0.60,-0.54,-0.57,-0.57,-0.57,-0.57,-0.57,-0.57,-0.57,-0.57,-0.59,-0.59,-0.59,-0.60,-0.60,-0.60,-0.59,-0.60,-0.60,-0.60,-0.60,-0.60,-0.61,-0.61,-0.61,-0.62,-0.62,-0.62,-0.61,-0.61,-0.62,-0.62,-0.62,-0.62,-0.62,-0.62,-0.62,-0.62,-0.62,-0.62,-0.62,-0.61,-0.62,-0.62,-0.62,-0.62,-0.62,-0.62,-0.62,-0.63,-0.63,-0.63
30-Apr-2014,-0.90,-0.77,-0.77,-0.76,-0.79,-0.79,-0.80,-0.79,-0.80,-0.81,-0.82,-0.79,-0.80,-0.83,-0.82,-0.82,-0.82,-0.81,-0.80,-0.81,-0.81,-0.80,-0.79,-0.81,-0.80,-0.81,-0.83,-0.82,-0.82,-0.81,-0.95,-0.81,-0.81,-0.81,-0.81,-0.82,-0.82,-0.82,-0.82,-0.81,-0.82,-0.82,-0.81,-0.82,-0.82,-0.82,-0.82,-0.82,-0.82,-0.82,-0.82,-0.83,-0.82
31-May-2014,-0.89,-0.75,-0.72,-0.74,-0.73,-0.74,-0.75,-0.76,-0.76,-0.77,-0.80,-0.79,-0.80,-0.80,-0.80,-0.80,-0.79,-0.78,-0.78,-0.78,-0.78,-0.78,-0.76,-0.78,-0.78,-0.78,-0.82,-0.82,-0.82,-0.81,-0.95,-0.82,-0.82,-0.82,-0.82,-0.82,-0.82,-0.82,-0.82,-0.82,-0.82,-0.83,-0.83,-0.83,-0.83,-0.83,-0.83,-0.83,-0.84,-0.83,-0.84,-0.84,-0.84
30-Jun-2014,-0.68,-0.65,-0.63,-0.63,-0.63,-0.63,-0.63,-0.63,-0.63,-0.64,-0.64,-0.64,-0.64,-0.67,-0.65,-0.64,-0.65,-0.65,-0.65,-0.65,-0.65,-0.65,-0.64,-0.65,-0.65,-0.65,-0.69,-0.69,-0.68,-0.68,-0.74,-0.68,-0.68,-0.68,-0.68,-0.68,-0.68,-0.68,-0.68,-0.68,-0.68,-0.68,-0.68,-0.69,-0.69,-0.69,-0.69,-0.69,-0.69,-0.70,-0.70,-0.70,-0.70
31-Jul-2014,-0.79,-0.81,-0.78,-0.78,-0.78,-0.78,-0.78,-0.79,-0.79,-0.79,-0.79,-0.80,-0.80,-0.77,-0.78,-0.78,-0.77,-0.77,-0.77,-0.77,-0.77,-0.77,-0.77,-0.77,-0.77,-0.77,-0.80,-0.80,-0.80,-0.81,-0.80,-0.81,-0.81,-0.81,-0.81,-0.81,-0.81,-0.81,-0.81,-0.81,-0.81,-0.81,-0.81,-0.81,-0.82,-0.82,-0.82,-0.82,-0.82,-0.82,-0.82,-0.83,-0.82
31-Aug-2014,-0.55,-0.63,-0.60,-0.60,-0.60,-0.60,-0.61,-0.62,-0.62,-0.62,-0.62,-0.61,-0.62,-0.61,-0.62,-0.62,-0.61,-0.60,-0.60,-0.60,-0.60,-0.60,-0.59,-0.60,-0.60,-0.60,-0.64,-0.63,-0.63,-0.63,-0.59,-0.62,-0.62,-0.62,-0.62,-0.62,-0.62,-0.62,-0.62,-0.62,-0.62,-0.62,-0.62,-0.62,-0.62,-0.62,-0.63,-0.62,-0.63,-0.63,-0.63,-0.63,-0.64
30-Sep-2014,-0.65,-0.86,-0.81,-0.81,-0.78,-0.78,-0.78,-0.80,-0.80,-0.79,-0.78,-0.78,-0.78,-0.78,-0.78,-0.78,-0.79,-0.79,-0.79,-0.78,-0.78,-0.79,-0.78,-0.79,-0.79,-0.79,-0.83,-0.82,-0.82,-0.81,-0.63,-0.82,-0.82,-0.81,-0.81,-0.81,-0.81,-0.81,-0.81,-0.81,-0.81,-0.81,-0.81,-0.82,-0.81,-0.81,-0.82,-0.82,-0.82,-0.82,-0.82,-0.82,-0.82
31-Oct-2014,-0.45,-0.68,-0.59,-0.58,-0.56,-0.56,-0.56,-0.57,-0.57,-0.57,-0.56,-0.55,-0.55,-0.53,-0.54,-0.55,-0.55,-0.55,-0.55,-0.55,-0.55,-0.55,-0.55,-0.56,-0.55,-0.55,-0.59,-0.59,-0.59,-0.59,-0.41,-0.60,-0.59,-0.59,-0.59,-0.59,-0.59,-0.59,-0.59,-0.59,-0.59,-0.59,-0.59,-0.59,-0.59,-0.59,-0.59,-0.59,-0.59,-0.60,-0.60,-0.60,-0.60
30-Nov-2014,-0.67,-1.05,-1.04,-1.01,-0.96,-0.96,-0.95,-0.97,-0.97,-0.95,-0.91,-0.90,-0.91,-0.90,-0.89,-0.91,-0.93,-0.94,-0.93,-0.93,-0.94,-0.94,-0.93,-0.94,-0.94,-0.94,-0.98,-0.98,-0.98,-0.97,-0.57,-0.97,-0.97,-0.97,-0.97,-0.97,-0.96,-0.96,-0.96,-0.96,-0.96,-0.96,-0.97,-0.97,-0.97,-0.97,-0.97,-0.97,-0.97,-0.98,-0.98,-0.98,-0.98
31-Dec-2014,-0.22,-0.43,-0.41,-0.40,-0.36,-0.36,-0.36,-0.38,-0.39,-0.38,-0.37,-0.37,-0.37,-0.37,-0.37,-0.37,-0.37,-0.37,-0.37,-0.36,-0.36,-0.36,-0.36,-0.36,-0.36,-0.36,-0.40,-0.40,-0.40,-0.39,-0.23,-0.39,-0.39,-0.39,-0.39,-0.39,-0.39,-0.39,-0.39,-0.39,-0.39,-0.39,-0.39,-0.39,-0.39,-0.39,-0.39,-0.39,-0.40,-0.40,-0.40,-0.40,-0.41
31-Jan-2015,-0.44,-0.53,-0.52,-0.52,-0.49,-0.50,-0.50,-0.52,-0.52,-0.52,-0.53,-0.44,-0.45,-0.50,-0.50,-0.50,-0.50,-0.49,-0.49,-0.48,-0.48,-0.48,-0.47,-0.48,-0.48,-0.48,-0.51,-0.51,-0.51,-0.50,-0.51,-0.50,-0.50,-0.50,-0.50,-0.50,-0.50,-0.50,-0.50,-0.50,-0.50,-0.50,-0.50,-0.50,-0.50,-0.50,-0.51,-0.50,-0.51,-0.51,-0.51,-0.52,-0.52
28-Feb-2015,-0.14,-0.36,-0.34,-0.33,-0.32,-0.32,-0.31,-0.31,-0.31,-0.31,-0.29,-0.29,-0.29,-0.30,-0.29,-0.29,-0.30,-0.30,-0.30,-0.30,-0.31,-0.31,-0.31,-0.31,-0.31,-0.31,-0.32,-0.32,-0.31,-0.31,-0.15,-0.31,-0.31,-0.31,-0.31,-0.32,-0.32,-0.32,-0.32,-0.32,-0.31,-0.32,-0.32,-0.32,-0.32,-0.32,-0.32,-0.32,-0.32,-0.32,-0.33,-0.33,-0.33
31-Mar-2015,-0.25,-0.44,-0.43,-0.43,-0.40,-0.39,-0.39,-0.40,-0.40,-0.39,-0.38,-0.38,-0.39,-0.38,-0.39,-0.38,-0.38,-0.38,-0.38,-0.38,-0.38,-0.38,-0.38,-0.38,-0.38,-0.38,-0.38,-0.38,-0.38,-0.37,-0.25,-0.38,-0.38,-0.38,-0.38,-0.38,-0.38,-0.38,-0.38,-0.38,-0.38,-0.38,-0.38,-0.39,-0.38,-0.38,-0.38,-0.38,-0.39,-0.39,-0.39,-0.39,-0.40
30-Apr-2015,-0.36,-0.22,-0.21,-0.22,-0.24,-0.25,-0.26,-0.27,-0.27,-0.29,-0.31,-0.43,-0.44,-0.37,-0.36,-0.36,-0.35,-0.34,-0.33,-0.33,-0.32,-0.32,-0.32,-0.32,-0.32,-0.32,-0.33,-0.33,-0.32,-0.33,-0.50,-0.33,-0.33,-0.34,-0.34,-0.34,-0.34,-0.34,-0.34,-0.35,-0.35,-0.35,-0.35,-0.35,-0.35,-0.35,-0.35,-0.35,-0.36,-0.36,-0.36,-0.36,-0.37
31-May-2015,-0.36,-0.52,-0.53,-0.52,-0.52,-0.52,-0.52,-0.53,-0.53,-0.52,-0.52,-0.51,-0.51,-0.52,-0.51,-0.51,-0.52,-0.51,-0.51,-0.51,-0.51,-0.51,-0.50,-0.51,-0.51,-0.51,-0.54,-0.54,-0.54,-0.53,-0.43,-0.53,-0.54,-0.54,-0.54,-0.54,-0.54,-0.54,-0.54,-0.54,-0.54,-0.54,-0.54,-0.55,-0.54,-0.55,-0.55,-0.55,-0.55,-0.55,-0.56,-0.56,-0.56
30-Jun-2015,-0.64,-0.82,-0.83,-0.83,-0.80,-0.81,-0.81,-0.83,-0.83,-0.83,-0.82,-0.82,-0.83,-0.83,-0.82,-0.82,-0.83,-0.83,-0.82,-0.82,-0.82,-0.82,-0.81,-0.82,-0.82,-0.82,-0.85,-0.85,-0.85,-0.85,-0.72,-0.85,-0.85,-0.86,-0.86,-0.86,-0.86,-0.86,-0.86,-0.86,-0.86,-0.86,-0.87,-0.87,-0.86,-0.87,-0.87,-0.87,-0.87,-0.87,-0.87,-0.88,-0.87
31-Jul-2015,-0.26,-0.42,-0.40,-0.39,-0.38,-0.38,-0.38,-0.39,-0.39,-0.38,-0.38,-0.40,-0.40,-0.40,-0.40,-0.40,-0.39,-0.39,-0.39,-0.39,-0.39,-0.39,-0.38,-0.39,-0.39,-0.39,-0.40,-0.40,-0.40,-0.40,-0.29,-0.40,-0.40,-0.40,-0.41,-0.41,-0.41,-0.41,-0.41,-0.41,-0.40,-0.40,-0.40,-0.41,-0.41,-0.41,-0.41,-0.41,-0.41,-0.41,-0.42,-0.42,-0.42
31-Aug-2015,-0.51,-0.68,-0.69,-0.69,-0.67,-0.67,-0.66,-0.67,-0.67,-0.66,-0.65,-0.65,-0.65,-0.65,-0.65,-0.65,-0.66,-0.66,-0.66,-0.66,-0.66,-0.66,-0.65,-0.66,-0.66,-0.66,-0.67,-0.67,-0.67,-0.67,-0.49,-0.67,-0.67,-0.67,-0.67,-0.67,-0.67,-0.67,-0.67,-0.67,-0.67,-0.67,-0.67,-0.68,-0.68,-0.68,-0.68,-0.68,-0.68,-0.69,-0.69,-0.69,-0.69
30-Sep-2015,-0.33,-0.35,-0.39,-0.38,-0.38,-0.39,-0.39,-0.41,-0.41,-0.41,-0.42,-0.42,-0.43,-0.43,-0.43,-0.43,-0.42,-0.41,-0.41,-0.40,-0.40,-0.39,-0.39,-0.39,-0.39,-0.39,-0.39,-0.38,-0.38,-0.38,-0.38,-0.38,-0.38,-0.39,-0.39,-0.39,-0.39,-0.39,-0.39,-0.39,-0.39,-0.39,-0.39,-0.40,-0.40,-0.40,-0.40,-0.40,-0.40,-0.40,-0.40,-0.40,-0.40
31-Oct-2015,-0.32,-0.23,-0.19,-0.19,-0.20,-0.19,-0.20,-0.21,-0.22,-0.23,-0.25,-0.20,-0.21,-0.26,-0.26,-0.25,-0.24,-0.22,-0.22,-0.22,-0.21,-0.21,-0.20,-0.20,-0.20,-0.20,-0.23,-0.23,-0.22,-0.22,-0.41,-0.22,-0.22,-0.22,-0.22,-0.22,-0.23,-0.23,-0.23,-0.23,-0.23,-0.23,-0.23,-0.24,-0.24,-0.24,-0.24,-0.24,-0.24,-0.24,-0.25,-0.25,-0.25
30-Nov-2015,-0.50,-0.68,-0.65,-0.65,-0.63,-0.63,-0.63,-0.63,-0.63,-0.63,-0.62,-0.63,-0.63,-0.63,-0.63,-0.63,-0.64,-0.63,-0.63,-0.63,-0.63,-0.63,-0.62,-0.63,-0.63,-0.62,-0.63,-0.63,-0.63,-0.63,-0.50,-0.63,-0.63,-0.63,-0.63,-0.63,-0.63,-0.63,-0.63,-0.63,-0.63,-0.63,-0.64,-0.64,-0.64,-0.64,-0.64,-0.64,-0.64,-0.65,-0.65,-0.65,-0.65
31-Dec-2015,-0.45,-0.59,-0.60,-0.59,-0.58,-0.57,-0.58,-0.59,-0.59,-0.59,-0.58,-0.58,-0.59,-0.59,-0.59,-0.59,-0.58,-0.58,-0.58,-0.57,-0.57,-0.57,-0.56,-0.57,-0.57,-0.57,-0.59,-0.59,-0.59,-0.59,-0.47,-0.59,-0.59,-0.59,-0.59,-0.59,-0.59,-0.59,-0.59,-0.59,-0.59,-0.59,-0.59,-0.60,-0.59,-0.60,-0.60,-0.60,-0.60,-0.60,-0.61,-0.61,-0.61
31-Jan-2016,-0.66,-0.81,-0.81,-0.79,-0.75,-0.74,-0.73,-0.75,-0.75,-0.74,-0.73,-0.71,-0.72,-0.75,-0.74,-0.75,-0.75,-0.76,-0.76,-0.75,-0.75,-0.75,-0.75,-0.75,-0.75,-0.75,-0.78,-0.78,-0.78,-0.79,-0.59,-0.79,-0.79,-0.79,-0.79,-0.79,-0.79,-0.79,-0.79,-0.79,-0.78,-0.79,-0.79,-0.79,-0.79,-0.80,-0.80,-0.80,-0.80,-0.80,-0.80,-0.80,-0.81
29-Feb-2016,-0.68,-0.74,-0.69,-0.71,-0.69,-0.69,-0.69,-0.70,-0.71,-0.71,-0.71,-0.73,-0.73,-0.73,-0.73,-0.73,-0.73,-0.72,-0.72,-0.72,-0.71,-0.71,-0.71,-0.71,-0.71,-0.71,-0.73,-0.73,-0.73,-0.73,-0.67,-0.73,-0.73,-0.73,-0.73,-0.74,-0.74,-0.74,-0.74,-0.74,-0.74,-0.74,-0.74,-0.75,-0.75,-0.75,-0.75,-0.75,-0.75,-0.75,-0.76,-0.76,-0.76
31-Mar-2016,-0.66,-0.56,-0.56,-0.56,-0.58,-0.58,-0.59,-0.60,-0.61,-0.62,-0.64,-0.65,-0.66,-0.67,-0.67,-0.66,-0.65,-0.64,-0.63,-0.63,-0.63,-0.62,-0.61,-0.62,-0.62,-0.62,-0.64,-0.64,-0.64,-0.63,-0.75,-0.63,-0.63,-0.63,-0.63,-0.64,-0.64,-0.64,-0.64,-0.64,-0.64,-0.64,-0.65,-0.65,-0.65,-0.65,-0.65,-0.65,-0.66,-0.66,-0.66,-0.66,-0.66
30-Apr-2016,-0.28,-0.15,-0.14,-0.15,-0.16,-0.17,-0.19,-0.21,-0.22,-0.24,-0.26,-0.32,-0.32,-0.30,-0.29,-0.29,-0.28,-0.26,-0.26,-0.26,-0.25,-0.25,-0.23,-0.25,-0.24,-0.24,-0.27,-0.27,-0.26,-0.26,-0.43,-0.26,-0.26,-0.26,-0.26,-0.26,-0.26,-0.26,-0.26,-0.26,-0.26,-0.27,-0.26,-0.27,-0.27,-0.27,-0.27,-0.27,-0.28,-0.28,-0.28,-0.28,-0.28
31-May-2016,-0.53,-0.69,-0.73,-0.72,-0.71,-0.70,-0.70,-0.71,-0.72,-0.71,-0.70,-0.71,-0.71,-0.71,-0.71,-0.71,-0.71,-0.71,-0.70,-0.70,-0.70,-0.70,-0.69,-0.70,-0.70,-0.70,-0.71,-0.71,-0.71,-0.71,-0.49,-0.71,-0.71,-0.71,-0.71,-0.70,-0.70,-0.70,-0.70,-0.70,-0.70,-0.70,-0.70,-0.71,-0.70,-0.71,-0.71,-0.71,-0.71,-0.71,-0.72,-0.72,-0.72
30-Jun-2016,-0.23,-0.21,-0.25,-0.26,-0.26,-0.25,-0.26,-0.27,-0.27,-0.28,-0.28,-0.29,-0.30,-0.31,-0.30,-0.30,-0.30,-0.29,-0.29,-0.29,-0.28,-0.28,-0.27,-0.28,-0.28,-0.28,-0.29,-0.28,-0.28,-0.28,-0.27,-0.28,-0.28,-0.28,-0.28,-0.28,-0.28,-0.28,-0.28,-0.28,-0.28,-0.28,-0.28,-0.29,-0.28,-0.29,-0.29,-0.29,-0.29,-0.29,-0.29,-0.29,-0.29
31-Jul-2016,-0.08,-0.06,-0.13,-0.15,-0.15,-0.15,-0.15,-0.17,-0.17,-0.18,-0.19,-0.12,-0.13,-0.20,-0.20,-0.19,-0.19,-0.18,-0.18,-0.18,-0.17,-0.17,-0.16,-0.17,-0.17,-0.17,-0.17,-0.16,-0.16,-0.16,-0.11,-0.16,-0.16,-0.16,-0.16,-0.16,-0.16,-0.16,-0.16,-0.16,-0.16,-0.16,-0.16,-0.17,-0.17,-0.17,-0.17,-0.17,-0.17,-0.17,-0.17,-0.18,-0.18
31-Aug-2016,0.10,0.26,0.16,0.15,0.13,0.13,0.12,0.11,0.11,0.09,0.08,0.07,0.06,0.06,0.05,0.05,0.06,0.07,0.08,0.07,0.08,0.08,0.09,0.08,0.09,0.09,0.09,0.09,0.09,0.10,0.03,0.10,0.10,0.10,0.10,0.10,0.09,0.10,0.10,0.10,0.10,0.10,0.10,0.10,0.10,0.09,0.09,0.09,0.09,0.09,0.09,0.09,0.09
30-Sep-2016,-0.20,-0.21,-0.29,-0.28,-0.28,-0.28,-0.28,-0.28,-0.29,-0.29,-0.28,-0.28,-0.29,-0.29,-0.29,-0.29,-0.29,-0.29,-0.29,-0.29,-0.30,-0.30,-0.29,-0.29,-0.29,-0.29,-0.30,-0.29,-0.29,-0.29,-0.16,-0.29,-0.29,-0.29,-0.29,-0.29,-0.29,-0.29,-0.29,-0.28,-0.28,-0.29,-0.29,-0.29,-0.29,-0.29,-0.29,-0.29,-0.29,-0.29,-0.30,-0.30,-0.30
31-Oct-2016,0.18,0.01,-0.05,-0.04,-0.02,-0.03,-0.03,-0.04,-0.05,-0.04,-0.02,-0.06,-0.07,-0.03,-0.03,-0.03,-0.03,-0.03,-0.03,-0.03,-0.03,-0.04,-0.03,-0.04,-0.04,-0.04,-0.06,-0.06,-0.05,-0.06,0.17,-0.05,-0.05,-0.05,-0.05,-0.05,-0.05,-0.05,-0.05,-0.05,-0.04,-0.04,-0.05,-0.05,-0.05,-0.05,-0.05,-0.05,-0.05,-0.06,-0.06,-0.06,-0.07
30-Nov-2016,-0.09,-0.30,-0.32,-0.33,-0.31,-0.31,-0.30,-0.30,-0.30,-0.29,-0.27,-0.28,-0.29,-0.28,-0.29,-0.29,-0.30,-0.30,-0.31,-0.31,-0.31,-0.32,-0.31,-0.32,-0.32,-0.32,-0.32,-0.32,-0.32,-0.31,0.00,-0.31,-0.31,-0.31,-0.31,-0.31,-0.30,-0.30,-0.30,-0.30,-0.30,-0.30,-0.30,-0.30,-0.30,-0.30,-0.30,-0.30,-0.31,-0.31,-0.31,-0.31,-0.32
31-Dec-2016,0.04,-0.22,-0.24,-0.24,-0.24,-0.25,-0.24,-0.24,-0.24,-0.22,-0.20,-0.20,-0.20,-0.20,-0.20,-0.21,-0.21,-0.21,-0.22,-0.22,-0.22,-0.23,-0.21,-0.23,-0.23,-0.23,-0.24,-0.24,-0.24,-0.22,0.08,-0.23,-0.22,-0.22,-0.22,-0.22,-0.22,-0.22,-0.22,-0.22,-0.21,-0.21,-0.22,-0.22,-0.22,-0.22,-0.22,-0.22,-0.22,-0.22,-0.23,-0.22,-0.23
31-Jan-2017,0.27,0.24,0.26,0.24,0.23,0.21,0.21,0.21,0.20,0.20,0.19,0.17,0.16,0.18,0.18,0.19,0.19,0.19,0.19,0.19,0.19,0.19,0.20,0.19,0.19,0.19,0.16,0.17,0.17,0.16,0.14,0.17,0.17,0.17,0.17,0.17,0.17,0.17,0.17,0.17,0.17,0.17,0.17,0.17,0.17,0.17,0.17,0.17,0.17,0.17,0.17,0.16,0.16
28-Feb-2017,0.14,0.22,0.32,0.29,0.26,0.25,0.24,0.24,0.23,0.22,0.20,0.19,0.18,0.18,0.17,0.17,0.18,0.19,0.19,0.19,0.19,0.19,0.19,0.18,0.18,0.18,0.14,0.15,0.15,0.15,0.00,0.15,0.15,0.15,0.15,0.15,0.15,0.15,0.15,0.15,0.15,0.15,0.16,0.16,0.15,0.15,0.15,0.15,0.15,0.15,0.15,0.14,0.14
31-Mar-2017,0.22,0.13,0.17,0.17,0.15,0.13,0.13,0.12,0.11,0.11,0.11,0.11,0.11,0.10,0.10,0.10,0.10,0.10,0.10,0.10,0.10,0.10,0.11,0.09,0.09,0.09,0.07,0.07,0.07,0.07,0.08,0.07,0.07,0.07,0.07,0.07,0.08,0.08,0.08,0.08,0.08,0.08,0.08,0.08,0.08,0.08,0.08,0.08,0.08,0.08,0.08,0.08,0.07
30-Apr-2017,0.14,0.09,0.08,0.08,0.07,0.07,0.06,0.05,0.05,0.05,0.05,0.10,0.10,0.05,0.04,0.04,0.04,0.04,0.04,0.04,0.03,0.03,0.04,0.03,0.03,0.03,0.01,0.01,0.01,0.00,0.02,0.00,0.00,0.01,0.01,0.00,0.01,0.01,0.01,0.01,0.01,0.01,0.01,0.01,0.01,0.01,0.01,0.01,0.01,0.01,0.01,0.01,0.01
31-May-2017,-0.01,-0.01,-0.07,-0.07,-0.06,-0.07,-0.07,-0.08,-0.08,-0.08,-0.08,-0.09,-0.09,-0.10,-0.10,-0.10,-0.10,-0.10,-0.10,-0.11,-0.11,-0.11,-0.11,-0.11,-0.11,-0.11,-0.15,-0.14,-0.14,-0.14,-0.12,-0.14,-0.14,-0.14,-0.14,-0.14,-0.14,-0.14,-0.14,-0.14,-0.14,-0.14,-0.14,-0.14,-0.14,-0.14,-0.14,-0.14,-0.14,-0.14,-0.14,-0.15,-0.15
30-Jun-2017,0.22,0.21,0.16,0.16,0.16,0.16,0.15,0.14,0.14,0.14,0.15,0.13,0.13,0.12,0.13,0.12,0.12,0.12,0.11,0.11,0.11,0.11,0.11,0.11,0.11,0.11,0.09,0.09,0.09,0.09,0.16,0.09,0.09,0.09,0.09,0.09,0.09,0.09,0.09,0.09,0.09,0.09,0.09,0.09,0.09,0.09,0.09,0.09,0.09,0.09,0.09,0.09,0.08
31-Jul-2017,0.26,0.21,0.21,0.20,0.19,0.18,0.17,0.16,0.15,0.15,0.15,0.08,0.07,0.12,0.12,0.12,0.12,0.12,0.12,0.12,0.12,0.12,0.13,0.12,0.12,0.12,0.08,0.08,0.09,0.09,0.10,0.09,0.09,0.09,0.09,0.09,0.09,0.09,0.09,0.09,0.09,0.09,0.09,0.09,0.09,0.09,0.09,0.09,0.09,0.09,0.09,0.09,0.08
31-Aug-2017,0.52,0.50,0.53,0.51,0.49,0.47,0.47,0.45,0.45,0.44,0.43,0.41,0.41,0.40,0.40,0.40,0.40,0.40,0.40,0.40,0.40,0.40,0.41,0.40,0.40,0.40,0.39,0.39,0.39,0.39,0.32,0.39,0.39,0.39,0.39,0.39,0.39,0.39,0.39,0.39,0.39,0.39,0.39,0.39,0.39,0.39,0.39,0.39,0.39,0.40,0.39,0.39,0.39
30-Sep-2017,0.71,0.62,0.61,0.60,0.58,0.56,0.56,0.56,0.55,0.55,0.55,0.53,0.53,0.53,0.53,0.53,0.52,0.52,0.52,0.52,0.52,0.52,0.52,0.52,0.52,0.52,0.54,0.54,0.54,0.55,0.58,0.55,0.55,0.55,0.55,0.55,0.55,0.55,0.55,0.55,0.56,0.56,0.56,0.55,0.56,0.56,0.56,0.56,0.56,0.56,0.55,0.55,0.55
31-Oct-2017,1.03,0.87,0.85,0.84,0.83,0.81,0.81,0.80,0.80,0.80,0.81,0.81,0.81,0.80,0.80,0.80,0.80,0.79,0.79,0.79,0.78,0.78,0.78,0.78,0.78,0.79,0.77,0.78,0.78,0.77,0.87,0.78,0.78,0.78,0.78,0.78,0.78,0.78,0.79,0.79,0.79,0.79,0.79,0.79,0.79,0.79,0.80,0.80,0.80,0.80,0.80,0.79,0.79
30-Nov-2017,0.89,0.84,0.94,0.92,0.90,0.88,0.88,0.87,0.86,0.86,0.85,0.83,0.83,0.82,0.82,0.82,0.82,0.82,0.82,0.81,0.81,0.81,0.80,0.81,0.81,0.81,0.80,0.80,0.80,0.81,0.72,0.81,0.81,0.81,0.81,0.81,0.81,0.81,0.81,0.81,0.81,0.81,0.81,0.81,0.81,0.81,0.81,0.81,0.82,0.82,0.81,0.81,0.80
31-Dec-2017,0.84,0.70,0.80,0.78,0.75,0.73,0.72,0.72,0.72,0.71,0.70,0.69,0.69,0.68,0.68,0.68,0.68,0.68,0.68,0.68,0.68,0.67,0.68,0.67,0.68,0.68,0.67,0.67,0.67,0.68,0.64,0.68,0.68,0.68,0.68,0.68,0.68,0.69,0.69,0.69,0.69,0.69,0.69,0.69,0.69,0.69,0.69,0.69,0.69,0.69,0.69,0.68,0.68
31-Jan-2018,0.73,0.68,0.67,0.65,0.63,0.62,0.61,0.61,0.61,0.60,0.60,0.62,0.62,0.59,0.59,0.59,0.59,0.59,0.59,0.59,0.59,0.59,0.59,0.59,0.59,0.60,0.58,0.58,0.59,0.58,0.54,0.58,0.58,0.58,0.58,0.58,0.58,0.58,0.59,0.59,0.59,0.59,0.59,0.59,0.59,0.59,0.59,0.59,0.59,0.59,0.59,0.59,0.58
28-Feb-2018,0.28,0.26,0.16,0.15,0.13,0.11,0.11,0.11,0.11,0.12,0.13,0.10,0.10,0.11,0.11,0.10,0.10,0.09,0.09,0.08,0.08,0.08,0.08,0.08,0.08,0.08,0.06,0.06,0.06,0.05,0.14,0.05,0.05,0.05,0.05,0.05,0.05,0.06,0.06,0.06,0.06,0.06,0.06,0.06,0.06,0.06,0.06,0.06,0.06,0.06,0.06,0.06,0.06
31-Mar-2018,0.62,0.55,0.55,0.54,0.52,0.50,0.49,0.48,0.48,0.47,0.47,0.46,0.45,0.46,0.45,0.45,0.45,0.44,0.44,0.44,0.44,0.44,0.44,0.44,0.44,0.44,0.42,0.42,0.42,0.42,0.45,0.43,0.43,0.43,0.43,0.43,0.43,0.43,0.44,0.44,0.44,0.44,0.44,0.44,0.44,0.44,0.44,0.44,0.44,0.44,0.44,0.44,0.43
30-Apr-2018,0.76,0.57,0.62,0.62,0.60,0.59,0.58,0.57,0.56,0.56,0.56,0.54,0.54,0.56,0.56,0.56,0.55,0.54,0.54,0.54,0.53,0.53,0.53,0.53,0.53,0.53,0.49,0.50,0.49,0.50,0.59,0.50,0.50,0.51,0.51,0.51,0.51,0.51,0.52,0.52,0.52,0.52,0.52,0.52,0.52,0.52,0.52,0.52,0.52,0.52,0.52,0.52,0.51
31-May-2018,0.68,0.49,0.45,0.43,0.41,0.39,0.38,0.37,0.37,0.37,0.38,0.38,0.38,0.38,0.38,0.38,0.37,0.36,0.36,0.36,0.36,0.36,0.36,0.36,0.36,0.36,0.35,0.35,0.35,0.36,0.50,0.36,0.36,0.37,0.37,0.37,0.37,0.37,0.38,0.38,0.38,0.38,0.38,0.38,0.38,0.38,0.38,0.38,0.38,0.38,0.38,0.38,0.38
30-Jun-2018,0.72,0.55,0.47,0.46,0.45,0.43,0.42,0.42,0.41,0.41,0.42,0.43,0.42,0.43,0.42,0.42,0.41,0.41,0.41,0.41,0.41,0.41,0.41,0.41,0.41,0.41,0.41,0.41,0.41,0.41,0.55,0.42,0.42,0.42,0.42,0.43,0.43,0.43,0.43,0.43,0.44,0.44,0.44,0.44,0.44,0.44,0.44,0.44,0.44,0.44,0.43,0.44,0.43
31-Jul-2018,0.76,0.44,0.43,0.44,0.44,0.43,0.43,0.41,0.41,0.43,0.45,0.49,0.49,0.45,0.45,0.45,0.44,0.43,0.43,0.44,0.43,0.43,0.44,0.43,0.43,0.44,0.42,0.42,0.42,0.42,0.66,0.42,0.42,0.43,0.43,0.43,0.44,0.44,0.44,0.44,0.45,0.45,0.45,0.45,0.45,0.45,0.45,0.45,0.45,0.45,0.44,0.45,0.44
31-Aug-2018,0.67,0.53,0.62,0.60,0.59,0.57,0.57,0.54,0.54,0.53,0.53,0.53,0.52,0.52,0.52,0.52,0.52,0.52,0.52,0.52,0.53,0.53,0.53,0.53,0.53,0.53,0.51,0.51,0.51,0.51,0.56,0.52,0.52,0.52,0.52,0.52,0.53,0.53,0.53,0.53,0.53,0.53,0.53,0.53,0.53,0.53,0.53,0.53,0.54,0.54,0.53,0.53,0.53
30-Sep-2018,0.61,0.48,0.51,0.51,0.49,0.48,0.48,0.47,0.47,0.47,0.47,0.46,0.46,0.45,0.46,0.46,0.45,0.44,0.44,0.44,0.44,0.44,0.44,0.44,0.44,0.45,0.44,0.44,0.44,0.44,0.58,0.45,0.45,0.45,0.45,0.46,0.46,0.46,0.46,0.47,0.47,0.47,0.47,0.47,0.47,0.47,0.47,0.47,0.47,0.47,0.47,0.47,0.46
31-Oct-2018,0.69,0.57,0.59,0.57,0.56,0.55,0.55,0.54,0.53,0.53,0.53,0.40,0.40,0.51,0.51,0.50,0.51,0.51,0.51,0.51,0.51,0.51,0.51,0.51,0.52,0.52,0.51,0.51,0.51,0.51,0.63,0.51,0.52,0.52,0.52,0.52,0.53,0.53,0.53,0.53,0.53,0.53,0.53,0.53,0.53,0.53,0.53,0.54,0.53,0.53,0.53,0.53,0.53
30-Nov-2018,0.58,0.45,0.49,0.49,0.47,0.46,0.45,0.45,0.44,0.44,0.44,0.44,0.44,0.43,0.43,0.43,0.43,0.43,0.43,0.43,0.43,0.44,0.44,0.44,0.44,0.44,0.43,0.43,0.43,0.44,0.53,0.44,0.44,0.44,0.45,0.45,0.45,0.45,0.45,0.46,0.46,0.46,0.46,0.46,0.46,0.46,0.46,0.46,0.46,0.46,0.46,0.46,0.45
31-Dec-2018,0.57,0.39,0.50,0.49,0.48,0.47,0.46,0.46,0.45,0.45,0.44,0.45,0.45,0.45,0.44,0.44,0.44,0.44,0.45,0.45,0.45,0.45,0.45,0.45,0.46,0.46,0.44,0.44,0.45,0.45,0.52,0.45,0.45,0.46,0.46,0.46,0.46,0.46,0.46,0.46,0.47,0.47,0.46,0.46,0.47,0.47,0.47,0.47,0.47,0.47,0.47,0.47,0.46
31-Jan-2019,0.66,0.52,0.56,0.57,0.57,0.56,0.55,0.54,0.53,0.52,0.51,0.63,0.62,0.50,0.50,0.50,0.50,0.51,0.51,0.52,0.52,0.52,0.53,0.53,0.53,0.54,0.51,0.51,0.51,0.50,0.56,0.51,0.51,0.51,0.51,0.51,0.51,0.52,0.52,0.52,0.52,0.52,0.51,0.51,0.51,0.51,0.51,0.52,0.52,0.52,0.52,0.52,0.51
28-Feb-2019,0.29,0.12,0.13,0.13,0.15,0.15,0.15,0.13,0.12,0.12,0.12,0.12,0.11,0.11,0.11,0.11,0.11,0.12,0.12,0.13,0.14,0.14,0.14,0.14,0.14,0.14,0.12,0.13,0.13,0.13,0.27,0.14,0.14,0.14,0.15,0.15,0.15,0.15,0.15,0.15,0.15,0.15,0.15,0.15,0.15,0.15,0.15,0.15,0.15,0.15,0.14,0.15,0.14
31-Mar-2019,0.33,0.11,0.16,0.19,0.21,0.21,0.21,0.20,0.20,0.20,0.20,0.21,0.20,0.20,0.21,0.20,0.19,0.19,0.20,0.20,0.20,0.21,0.21,0.21,0.21,0.21,0.19,0.19,0.19,0.20,0.38,0.20,0.21,0.21,0.21,0.21,0.21,0.21,0.22,0.22,0.22,0.22,0.22,0.22,0.22,0.22,0.22,0.22,0.22,0.22,0.21,0.22,0.21
30-Apr-2019,0.11,0.01,0.01,0.02,0.04,0.04,0.05,0.03,0.03,0.02,0.02,-0.03,-0.04,0.01,0.01,0.02,0.01,0.01,0.02,0.02,0.03,0.03,0.04,0.03,0.02,0.02,0.01,0.01,0.01,0.01,0.16,0.01,0.01,0.02,0.02,0.02,0.02,0.02,0.02,0.02,0.03,0.03,0.03,0.02,0.02,0.02,0.02,0.02,0.02,0.02,0.02,0.02,0.01
31-May-2019,-0.53,-0.67,-0.69,-0.68,-0.65,-0.64,-0.64,-0.65,-0.65,-0.65,-0.64,-0.64,-0.65,-0.65,-0.65,-0.65,-0.65,-0.65,-0.64,-0.64,-0.64,-0.63,-0.62,-0.63,-0.63,-0.63,-0.62,-0.62,-0.61,-0.62,-0.40,-0.62,-0.62,-0.61,-0.61,-0.61,-0.61,-0.61,-0.61,-0.61,-0.61,-0.61,-0.61,-0.62,-0.62,-0.62,-0.62,-0.62,-0.62,-0.62,-0.62,-0.62,-0.62
30-Jun-2019,-0.53,-0.47,-0.47,-0.46,-0.47,-0.46,-0.46,-0.47,-0.48,-0.49,-0.51,-0.51,-0.52,-0.53,-0.53,-0.52,-0.51,-0.49,-0.49,-0.48,-0.47,-0.47,-0.45,-0.46,-0.46,-0.46,-0.48,-0.47,-0.47,-0.46,-0.52,-0.46,-0.46,-0.46,-0.46,-0.46,-0.46,-0.46,-0.46,-0.46,-0.46,-0.46,-0.46,-0.46,-0.47,-0.47,-0.47,-0.47,-0.47,-0.47,-0.47,-0.47,-0.47
31-Jul-2019,-0.41,-0.47,-0.43,-0.44,-0.43,-0.43,-0.44,-0.46,-0.46,-0.46,-0.46,-0.46,-0.47,-0.49,-0.49,-0.48,-0.47,-0.46,-0.46,-0.45,-0.44,-0.44,-0.43,-0.44,-0.43,-0.43,-0.46,-0.46,-0.45,-0.45,-0.42,-0.44,-0.44,-0.44,-0.44,-0.44,-0.44,-0.44,-0.44,-0.44,-0.44,-0.44,-0.44,-0.44,-0.44,-0.45,-0.45,-0.45,-0.45,-0.45,-0.45,-0.45,-0.46
31-Aug-2019,-0.18,-0.33,-0.33,-0.32,-0.32,-0.32,-0.32,-0.32,-0.33,-0.33,-0.33,-0.33,-0.33,-0.34,-0.34,-0.33,-0.33,-0.32,-0.31,-0.31,-0.30,-0.30,-0.28,-0.29,-0.29,-0.29,-0.29,-0.28,-0.28,-0.28,-0.17,-0.29,-0.28,-0.28,-0.28,-0.28,-0.28,-0.28,-0.28,-0.28,-0.28,-0.28,-0.28,-0.28,-0.28,-0.29,-0.29,-0.29,-0.29,-0.29,-0.29,-0.29,-0.29
30-Sep-2019,0.26,0.22,0.16,0.16,0.16,0.15,0.15,0.13,0.12,0.11,0.10,0.09,0.08,0.08,0.08,0.09,0.10,0.12,0.12,0.13,0.14,0.15,0.16,0.16,0.16,0.16,0.13,0.13,0.14,0.15,0.07,0.15,0.15,0.15,0.15,0.15,0.14,0.15,0.15,0.15,0.15,0.14,0.14,0.14,0.14,0.14,0.14,0.14,0.14,0.13,0.13,0.13,0.13
31-Oct-2019,0.15,0.12,0.08,0.07,0.07,0.06,0.07,0.06,0.05,0.03,0.02,0.03,0.03,0.01,0.01,0.03,0.04,0.05,0.06,0.07,0.08,0.09,0.10,0.09,0.10,0.10,0.08,0.09,0.09,0.11,0.01,0.11,0.10,0.10,0.10,0.10,0.10,0.10,0.10,0.10,0.10,0.10,0.10,0.10,0.10,0.10,0.10,0.10,0.09,0.09,0.09,0.09,0.08
30-Nov-2019,0.18,0.19,0.16,0.14,0.14,0.14,0.13,0.12,0.11,0.10,0.09,0.09,0.07,0.07,0.07,0.08,0.10,0.11,0.12,0.13,0.13,0.14,0.15,0.15,0.15,0.15,0.15,0.15,0.16,0.16,0.06,0.17,0.17,0.17,0.17,0.17,0.16,0.16,0.16,0.16,0.16,0.16,0.16,0.16,0.16,0.16,0.16,0.16,0.15,0.15,0.15,0.15,0.14
31-Dec-2019,0.15,0.27,0.02,0.02,0.01,0.02,0.02,0.01,0.01,0.01,0.01,0.01,0.00,-0.01,0.00,0.00,0.01,0.01,0.02,0.03,0.03,0.03,0.04,0.04,0.04,0.04,0.04,0.04,0.05,0.05,0.10,0.05,0.05,0.05,0.05,0.05,0.05,0.05,0.05,0.05,0.05,0.05,0.05,0.05,0.05,0.05,0.05,0.05,0.04,0.04,0.04,0.04,0.04
31-Jan-2020,0.05,0.22,0.06,0.06,0.05,0.06,0.06,0.05,0.05,0.04,0.03,-0.01,-0.02,0.03,0.03,0.04,0.06,0.07,0.07,0.07,0.08,0.09,0.09,0.09,0.08,0.08,0.07,0.07,0.07,0.07,-0.03,0.07,0.07,0.07,0.07,0.07,0.07,0.07,0.07,0.07,0.07,0.07,0.07,0.06,0.06,0.06,0.06,0.06,0.06,0.06,0.06,0.06,0.05
29-Feb-2020,1.48,1.47,1.26,1.24,1.22,1.20,1.16,1.13,1.11,1.10,1.10,1.10,1.09,1.09,1.09,1.10,1.11,1.13,1.15,1.17,1.18,1.18,1.19,1.19,1.20,1.20,1.22,1.23,1.24,1.24,1.23,1.26,1.26,1.26,1.27,1.28,1.28,1.28,1.28,1.28,1.29,1.29,1.29,1.30,1.30,1.31,1.31,1.32,1.31,1.31,1.31,1.30,1.29
31-Mar-2020,3.18,3.16,2.77,2.75,2.68,2.59,2.54,2.50,2.48,2.46,2.45,2.45,2.44,2.46,2.46,2.46,2.47,2.49,2.51,2.53,2.54,2.55,2.55,2.56,2.56,2.57,2.57,2.58,2.58,2.57,2.66,2.59,2.60,2.60,2.61,2.62,2.63,2.63,2.64,2.64,2.65,2.65,2.64,2.65,2.66,2.66,2.66,2.67,2.67,2.67,2.67,2.67,2.66
30-Apr-2020,3.86,3.61,3.59,3.55,3.47,3.36,3.26,3.19,3.15,3.10,3.03,3.11,3.10,3.02,3.02,3.02,3.04,3.07,3.10,3.13,3.16,3.17,3.16,3.19,3.21,3.21,3.26,3.27,3.27,3.26,3.16,3.28,3.28,3.29,3.30,3.32,3.31,3.32,3.33,3.33,3.33,3.34,3.34,3.35,3.36,3.36,3.36,3.37,3.37,3.38,3.39,3.39,3.37
31-May-2020,2.88,2.79,2.86,2.94,2.83,2.77,2.73,2.65,2.58,2.55,2.52,2.44,2.43,2.42,2.42,2.43,2.43,2.44,2.47,2.50,2.51,2.54,2.54,2.55,2.56,2.56,2.47,2.47,2.47,2.49,2.30,2.50,2.50,2.50,2.50,2.51,2.52,2.51,2.52,2.53,2.53,2.54,2.54,2.54,2.55,2.55,2.55,2.55,2.56,2.57,2.57,2.58,2.57
30-Jun-2020,2.30,2.39,2.60,2.51,2.53,2.46,2.45,2.41,2.35,2.30,2.25,2.21,2.15,2.14,2.14,2.17,2.18,2.18,2.19,2.20,2.21,2.23,2.25,2.25,2.26,2.26,2.23,2.23,2.24,2.24,1.80,2.26,2.26,2.26,2.26,2.25,2.25,2.24,2.24,2.25,2.24,2.24,2.25,2.25,2.24,2.25,2.25,2.25,2.26,2.27,2.27,2.27,2.25
31-Jul-2020,2.78,2.70,2.92,2.81,2.71,2.72,2.72,2.81,2.81,2.80,2.76,2.70,2.67,2.65,2.67,2.71,2.71,2.72,2.72,2.72,2.72,2.74,2.74,2.75,2.77,2.77,2.91,2.92,2.93,2.95,2.63,2.96,2.96,2.96,2.97,2.96,2.96,2.97,2.96,2.96,2.96,2.97,2.97,2.97,2.97,2.97,2.98,2.98,2.98,2.97,2.98,2.96,2.96
31-Aug-2020,1.36,1.11,1.35,1.31,1.21,1.24,1.24,1.33,1.35,1.33,1.30,1.30,1.30,1.28,1.26,1.29,1.33,1.34,1.34,1.33,1.34,1.35,1.35,1.36,1.36,1.36,1.45,1.46,1.47,1.48,1.28,1.49,1.48,1.48,1.48,1.48,1.48,1.49,1.49,1.49,1.49,1.49,1.49,1.49,1.49,1.49,1.50,1.50,1.49,1.49,1.49,1.48,1.47
30-Sep-2020,0.61,0.37,0.68,0.65,0.59,0.59,0.58,0.60,0.60,0.60,0.57,0.57,0.56,0.56,0.54,0.56,0.59,0.60,0.60,0.60,0.60,0.60,0.62,0.61,0.61,0.60,0.61,0.61,0.62,0.63,0.46,0.63,0.62,0.62,0.62,0.62,0.62,0.63,0.63,0.63,0.63,0.63,0.63,0.63,0.63,0.63,0.63,0.63,0.63,0.63,0.63,0.62,0.62
31-Oct-2020,0.19,0.32,0.21,0.19,0.15,0.13,0.11,0.12,0.11,0.11,0.10,0.11,0.10,0.08,0.08,0.08,0.10,0.11,0.11,0.10,0.11,0.11,0.12,0.11,0.12,0.11,0.10,0.10,0.10,0.12,0.02,0.11,0.11,0.11,0.11,0.11,0.11,0.11,0.12,0.12,0.12,0.12,0.12,0.12,0.11,0.11,0.12,0.12,0.12,0.11,0.11,0.11,0.10
30-Nov-2020,0.99,1.10,0.85,0.81,0.77,0.73,0.72,0.71,0.70,0.70,0.70,0.69,0.68,0.68,0.69,0.70,0.71,0.72,0.72,0.72,0.72,0.73,0.74,0.73,0.73,0.73,0.73,0.73,0.74,0.74,0.67,0.75,0.75,0.75,0.75,0.75,0.76,0.76,0.76,0.76,0.77,0.77,0.77,0.77,0.77,0.78,0.78,0.78,0.78,0.78,0.78,0.78,0.77
31-Dec-2020,1.95,1.91,1.80,1.76,1.70,1.65,1.64,1.64,1.63,1.64,1.65,1.63,1.63,1.64,1.64,1.64,1.65,1.65,1.65,1.65,1.65,1.65,1.66,1.66,1.66,1.66,1.65,1.65,1.65,1.66,1.62,1.67,1.67,1.67,1.67,1.68,1.68,1.69,1.69,1.69,1.70,1.70,1.71,1.71,1.71,1.71,1.72,1.72,1.72,1.72,1.72,1.72,1.70
31-Jan-2021,1.97,1.80,1.61,1.58,1.51,1.44,1.42,1.41,1.40,1.42,1.44,1.31,1.30,1.33,1.33,1.33,1.33,1.32,1.32,1.32,1.32,1.32,1.33,1.32,1.31,1.31,1.30,1.30,1.29,1.30,1.57,1.30,1.31,1.31,1.31,1.32,1.33,1.33,1.34,1.34,1.34,1.35,1.35,1.36,1.36,1.36,1.37,1.37,1.38,1.38,1.37,1.37,1.36
28-Feb-2021,2.42,2.17,2.09,2.05,1.98,1.90,1.89,1.89,1.88,1.90,1.92,1.90,1.90,1.91,1.91,1.91,1.91,1.91,1.90,1.90,1.90,1.90,1.91,1.90,1.90,1.90,1.91,1.91,1.91,1.92,2.04,1.92,1.93,1.93,1.94,1.94,1.95,1.95,1.96,1.96,1.97,1.98,1.98,1.99,1.99,1.99,2.00,2.00,2.00,2.01,2.00,2.00,1.98
31-Mar-2021,2.74,2.30,2.34,2.31,2.25,2.17,2.17,2.17,2.16,2.18,2.21,2.22,2.21,2.21,2.22,2.23,2.22,2.20,2.20,2.20,2.19,2.19,2.20,2.20,2.20,2.20,2.22,2.22,2.23,2.23,2.36,2.24,2.24,2.25,2.25,2.26,2.27,2.27,2.28,2.28,2.29,2.29,2.30,2.31,2.31,2.32,2.32,2.33,2.33,2.33,2.33,2.33,2.31
30-Apr-2021,3.25,2.52,2.65,2.59,2.55,2.48,2.47,2.47,2.47,2.52,2.57,2.93,2.93,2.70,2.70,2.71,2.71,2.70,2.69,2.69,2.68,2.68,2.68,2.68,2.72,2.72,2.74,2.74,2.74,2.72,2.77,2.73,2.74,2.74,2.75,2.76,2.76,2.77,2.78,2.78,2.79,2.79,2.80,2.81,2.81,2.81,2.82,2.83,2.82,2.82,2.82,2.82,2.80
31-May-2021,3.57,3.08,3.14,3.10,3.01,2.94,2.94,2.95,2.96,2.97,3.00,2.99,2.99,3.00,3.00,3.01,3.01,3.00,2.99,2.99,2.98,2.98,2.98,2.98,2.98,2.98,3.00,3.01,3.01,3.01,3.04,3.02,3.02,3.02,3.03,3.03,3.04,3.05,3.05,3.06,3.06,3.07,3.08,3.08,3.09,3.09,3.10,3.10,3.11,3.10,3.11,3.10,3.08
30-Jun-2021,3.40,3.32,2.88,2.82,2.75,2.68,2.67,2.68,2.68,2.70,2.73,2.73,2.73,2.74,2.74,2.74,2.74,2.72,2.72,2.71,2.71,2.70,2.69,2.71,2.71,2.71,2.73,2.74,2.74,2.74,2.85,2.75,2.75,2.75,2.76,2.77,2.77,2.78,2.78,2.79,2.79,2.80,2.80,2.80,2.81,2.82,2.82,2.83,2.83,2.83,2.83,2.83,2.81
31-Jul-2021,3.48,3.52,3.20,3.16,3.05,2.98,2.95,2.94,2.94,2.94,2.94,2.45,2.45,2.92,2.93,2.93,2.93,2.93,2.93,2.93,2.93,2.93,2.92,2.93,2.91,2.92,2.91,2.91,2.91,2.91,2.74,2.92,2.92,2.93,2.94,2.94,2.95,2.95,2.96,2.96,2.96,2.97,2.98,2.98,2.98,2.99,2.99,3.00,3.00,3.01,3.01,3.01,2.99
31-Aug-2021,3.53,3.33,3.47,3.44,3.37,3.29,3.26,3.23,3.22,3.23,3.26,3.25,3.24,3.26,3.27,3.27,3.26,3.24,3.25,3.25,3.25,3.25,3.23,3.25,3.25,3.26,3.26,3.26,3.26,3.26,3.33,3.27,3.27,3.28,3.28,3.29,3.30,3.31,3.31,3.32,3.33,3.33,3.34,3.35,3.36,3.36,3.37,3.37,3.38,3.38,3.39,3.39,3.37
30-Sep-2021,3.85,3.58,3.51,3.49,3.41,3.31,3.27,3.24,3.23,3.24,3.26,3.26,3.26,3.27,3.28,3.27,3.28,3.27,3.28,3.28,3.28,3.28,3.28,3.29,3.29,3.30,3.32,3.32,3.32,3.33,3.41,3.34,3.34,3.35,3.35,3.36,3.37,3.38,3.39,3.39,3.40,3.41,3.42,3.42,3.43,3.43,3.44,3.44,3.45,3.45,3.46,3.46,3.43
31-Oct-2021,4.37,4.55,4.03,4.00,3.94,3.86,3.82,3.80,3.78,3.79,3.81,4.12,4.12,3.82,3.84,3.83,3.82,3.81,3.81,3.82,3.82,3.82,3.81,3.83,3.83,3.83,3.85,3.86,3.86,3.86,4.00,3.87,3.88,3.88,3.90,3.91,3.92,3.92,3.93,3.94,3.95,3.96,3.96,3.97,3.98,3.98,3.99,4.00,4.00,4.00,4.00,4.01,3.98
30-Nov-2021,4.34,4.78,4.45,4.46,4.38,4.30,4.26,4.23,4.22,4.22,4.23,4.24,4.23,4.24,4.25,4.25,4.24,4.22,4.22,4.23,4.23,4.23,4.21,4.24,4.24,4.25,4.26,4.26,4.27,4.27,4.27,4.28,4.29,4.29,4.30,4.31,4.32,4.33,4.34,4.34,4.35,4.36,4.36,4.37,4.38,4.38,4.39,4.40,4.40,4.41,4.41,4.41,4.39
31-Dec-2021,4.25,4.32,4.50,4.51,4.45,4.38,4.35,4.32,4.31,4.30,4.30,4.30,4.30,4.31,4.31,4.32,4.32,4.31,4.31,4.31,4.32,4.32,4.29,4.33,4.33,4.34,4.35,4.36,4.36,4.36,4.29,4.37,4.38,4.39,4.39,4.40,4.41,4.41,4.42,4.43,4.44,4.44,4.45,4.45,4.46,4.46,4.47,4.48,4.48,4.48,4.49,4.49,4.47
31-Jan-2022,#N/A,3.39,3.82,3.80,3.74,3.68,3.65,3.64,3.63,3.64,3.65,3.59,3.59,3.60,3.61,3.60,3.60,3.59,3.59,3.59,3.59,3.59,3.57,3.60,3.61,3.62,3.65,3.65,3.65,3.67,3.73,3.68,3.69,3.70,3.69,3.69,3.70,3.71,3.72,3.72,3.73,3.74,3.74,3.75,3.76,3.76,3.77,3.77,3.77,3.77,3.78,3.78,3.76
28-Feb-2022,#N/A,#N/A,3.24,2.85,2.80,2.77,2.77,2.76,2.76,2.76,2.76,2.74,2.74,2.74,2.75,2.75,2.74,2.73,2.73,2.73,2.74,2.74,2.73,2.75,2.75,2.76,2.76,2.77,2.77,2.77,2.77,2.78,2.78,2.79,2.79,2.79,2.80,2.81,2.81,2.82,2.82,2.82,2.83,2.83,2.83,2.83,2.84,2.84,2.85,2.85,2.85,2.85,2.84
31-Mar-2022,#N/A,#N/A,#N/A,2.82,2.80,2.80,2.79,2.78,2.78,2.78,2.79,2.77,2.76,2.78,2.78,2.77,2.77,2.76,2.76,2.76,2.76,2.76,2.75,2.77,2.78,2.78,2.80,2.81,2.81,2.81,2.93,2.82,2.83,2.83,2.84,2.85,2.85,2.86,2.86,2.87,2.87,2.87,2.88,2.88,2.88,2.89,2.89,2.90,2.90,2.90,2.90,2.91,2.88
30-Apr-2022,#N/A,#N/A,#N/A,#N/A,3.29,3.40,3.39,3.41,3.41,3.42,3.42,3.29,3.29,3.41,3.42,3.42,3.41,3.40,3.41,3.42,3.43,3.43,3.42,3.45,3.46,3.46,3.48,3.49,3.50,3.49,3.52,3.50,3.51,3.52,3.54,3.55,3.55,3.55,3.55,3.56,3.57,3.57,3.57,3.57,3.58,3.59,3.59,3.60,3.60,3.60,3.60,3.60,3.58
31-May-2022,#N/A,#N/A,#N/A,#N/A,#N/A,2.90,2.58,2.61,2.61,2.62,2.64,2.65,2.65,2.67,2.67,2.66,2.65,2.63,2.64,2.65,2.65,2.65,2.64,2.66,2.66,2.67,2.70,2.70,2.71,2.71,2.95,2.72,2.73,2.73,2.74,2.75,2.75,2.76,2.76,2.77,2.77,2.78,2.78,2.78,2.78,2.79,2.79,2.80,2.80,2.80,2.80,2.81,2.79
30-Jun-2022,#N/A,#N/A,#N/A,#N/A,#N/A,#N/A,2.41,2.32,2.32,2.32,2.34,2.35,2.35,2.36,2.37,2.36,2.35,2.33,2.34,2.35,2.35,2.35,2.34,2.36,2.36,2.37,2.38,2.38,2.39,2.40,2.65,2.40,2.41,2.41,2.42,2.42,2.43,2.43,2.44,2.44,2.45,2.45,2.45,2.45,2.46,2.46,2.46,2.47,2.46,2.46,2.47,2.47,2.46
31-Jul-2022,#N/A,#N/A,#N/A,#N/A,#N/A,#N/A,#N/A,1.75,1.75,1.75,1.76,1.78,1.78,1.78,1.79,1.78,1.77,1.75,1.76,1.77,1.78,1.78,1.77,1.78,1.78,1.78,1.78,1.79,1.79,1.80,2.10,1.80,1.80,1.81,1.81,1.82,1.83,1.84,1.84,1.84,1.85,1.85,1.85,1.85,1.86,1.86,1.86,1.87,1.86,1.86,1.87,1.87,1.86
31-Aug-2022,#N/A,#N/A,#N/A,#N/A,#N/A,#N/A,#N/A,#N/A,1.47,1.51,1.50,1.47,1.47,1.48,1.48,1.46,1.45,1.44,1.45,1.46,1.46,1.47,1.46,1.47,1.48,1.49,1.49,1.50,1.50,1.50,1.80,1.50,1.51,1.51,1.51,1.52,1.52,1.52,1.52,1.53,1.54,1.53,1.53,1.53,1.53,1.53,1.54,1.54,1.54,1.54,1.54,1.55,1.54
30-Sep-2022,#N/A,#N/A,#N/A,#N/A,#N/A,#N/A,#N/A,#N/A,#N/A,1.05,0.89,0.93,0.94,0.95,0.96,0.94,0.92,0.89,0.90,0.91,0.91,0.91,0.91,0.91,0.91,0.92,0.98,0.98,0.98,0.98,1.71,0.99,1.00,1.01,1.01,1.02,1.03,1.03,1.03,1.03,1.04,1.05,1.04,1.04,1.05,1.05,1.05,1.05,1.05,1.04,1.05,1.05,1.05
31-Oct-2022,#N/A,#N/A,#N/A,#N/A,#N/A,#N/A,#N/A,#N/A,#N/A,#N/A,1.00,1.12,1.12,1.06,1.07,1.05,1.04,1.02,1.03,1.04,1.04,1.04,1.04,1.05,1.05,1.05,1.10,1.10,1.10,1.10,1.72,1.10,1.11,1.12,1.13,1.13,1.14,1.14,1.14,1.14,1.15,1.15,1.15,1.15,1.16,1.15,1.15,1.16,1.15,1.15,1.15,1.16,1.15
30-Nov-2022,#N/A,#N/A,#N/A,#N/A,#N/A,#N/A,#N/A,#N/A,#N/A,#N/A,#N/A,1.20,1.23,1.14,1.15,1.16,1.15,1.16,1.17,1.18,1.19,1.20,1.21,1.21,1.22,1.22,1.23,1.23,1.24,1.25,1.34,1.25,1.26,1.26,1.26,1.26,1.27,1.27,1.27,1.27,1.27,1.28,1.28,1.28,1.28,1.28,1.28,1.28,1.28,1.28,1.28,1.28,1.28
31-Dec-2022,#N/A,#N/A,#N/A,#N/A,#N/A,#N/A,#N/A,#N/A,#N/A,#N/A,#N/A,#N/A,1.18,1.19,1.17,1.19,1.20,1.22,1.23,1.25,1.26,1.28,1.29,1.29,1.30,1.30,1.31,1.31,1.32,1.32,1.18,1.33,1.33,1.33,1.33,1.34,1.34,1.34,1.34,1.34,1.34,1.34,1.35,1.35,1.34,1.34,1.35,1.35,1.35,1.35,1.35,1.35,1.34
31-Jan-2023,#N/A,#N/A,#N/A,#N/A,#N/A,#N/A,#N/A,#N/A,#N/A,#N/A,#N/A,#N/A,#N/A,0.95,0.94,0.96,0.96,0.97,0.98,0.99,1.00,1.01,1.02,1.03,1.04,1.05,1.05,1.06,1.07,1.08,1.01,1.08,1.08,1.09,1.08,1.08,1.08,1.08,1.08,1.09,1.09,1.09,1.09,1.09,1.09,1.09,1.09,1.10,1.09,1.09,1.09,1.09,1.08
28-Feb-2023,#N/A,#N/A,#N/A,#N/A,#N/A,#N/A,#N/A,#N/A,#N/A,#N/A,#N/A,#N/A,#N/A,#N/A,-0.26,-0.28,-0.29,-0.30,-0.30,-0.29,-0.29,-0.28,-0.26,-0.28,-0.27,-0.27,-0.23,-0.23,-0.23,-0.22,0.14,-0.22,-0.22,-0.22,-0.21,-0.21,-0.21,-0.21,-0.21,-0.21,-0.20,-0.21,-0.22,-0.22,-0.21,-0.21,-0.21,-0.21,-0.22,-0.22,-0.23,-0.22,-0.22
31-Mar-2023,#N/A,#N/A,#N/A,#N/A,#N/A,#N/A,#N/A,#N/A,#N/A,#N/A,#N/A,#N/A,#N/A,#N/A,#N/A,-1.06,-1.15,-1.17,-1.19,-1.18,-1.18,-1.18,-1.15,-1.17,-1.17,-1.17,-1.14,-1.14,-1.14,-1.14,-0.77,-1.14,-1.14,-1.14,-1.14,-1.14,-1.14,-1.14,-1.14,-1.14,-1.13,-1.14,-1.15,-1.15,-1.15,-1.15,-1.15,-1.15,-1.16,-1.16,-1.17,-1.17,-1.17
30-Apr-2023,#N/A,#N/A,#N/A,#N/A,#N/A,#N/A,#N/A,#N/A,#N/A,#N/A,#N/A,#N/A,#N/A,#N/A,#N/A,#N/A,-1.32,-1.35,-1.36,-1.36,-1.35,-1.35,-1.33,-1.35,-1.34,-1.34,-1.32,-1.31,-1.31,-1.31,-0.93,-1.32,-1.31,-1.31,-1.28,-1.28,-1.28,-1.28,-1.28,-1.29,-1.28,-1.28,-1.30,-1.30,-1.30,-1.29,-1.30,-1.30,-1.30,-1.31,-1.31,-1.31,-1.31
31-May-2023,#N/A,#N/A,#N/A,#N/A,#N/A,#N/A,#N/A,#N/A,#N/A,#N/A,#N/A,#N/A,#N/A,#N/A,#N/A,#N/A,#N/A,-1.71,-1.56,-1.56,-1.57,-1.57,-1.54,-1.57,-1.57,-1.57,-1.56,-1.56,-1.56,-1.55,-1.20,-1.56,-1.56,-1.56,-1.56,-1.56,-1.56,-1.56,-1.56,-1.56,-1.56,-1.56,-1.56,-1.57,-1.57,-1.58,-1.58,-1.58,-1.58,-1.59,-1.59,-1.59,-1.58
30-Jun-2023,#N/A,#N/A,#N/A,#N/A,#N/A,#N/A,#N/A,#N/A,#N/A,#N/A,#N/A,#N/A,#N/A,#N/A,#N/A,#N/A,#N/A,#N/A,-1.20,-1.14,-1.12,-1.11,-1.09,-1.11,-1.11,-1.11,-1.11,-1.11,-1.10,-1.09,-0.88,-1.09,-1.09,-1.09,-1.09,-1.09,-1.09,-1.09,-1.09,-1.09,-1.09,-1.09,-1.10,-1.10,-1.10,-1.11,-1.11,-1.11,-1.11,-1.12,-1.12,-1.12,-1.11
31-Jul-2023,#N/A,#N/A,#N/A,#N/A,#N/A,#N/A,#N/A,#N/A,#N/A,#N/A,#N/A,#N/A,#N/A,#N/A,#N/A,#N/A,#N/A,#N/A,#N/A,-0.90,-0.86,-0.86,-0.83,-0.85,-0.87,-0.87,-0.91,-0.91,-0.91,-0.91,-0.77,-0.91,-0.91,-0.91,-0.92,-0.92,-0.92,-0.92,-0.92,-0.92,-0.92,-0.92,-0.94,-0.94,-0.94,-0.95,-0.95,-0.94,-0.94,-0.94,-0.95,-0.95,-0.94
31-Aug-2023,#N/A,#N/A,#N/A,#N/A,#N/A,#N/A,#N/A,#N/A,#N/A,#N/A,#N/A,#N/A,#N/A,#N/A,#N/A,#N/A,#N/A,#N/A,#N/A,#N/A,-0.86,-1.08,-1.07,-1.09,-1.09,-1.09,-1.06,-1.06,-1.06,-1.06,-0.61,-1.06,-1.06,-1.06,-1.06,-1.06,-1.05,-1.06,-1.06,-1.06,-1.05,-1.05,-1.06,-1.07,-1.07,-1.07,-1.07,-1.07,-1.07,-1.07,-1.08,-1.07,-1.08
30-Sep-2023,#N/A,#N/A,#N/A,#N/A,#N/A,#N/A,#N/A,#N/A,#N/A,#N/A,#N/A,#N/A,#N/A,#N/A,#N/A,#N/A,#N/A,#N/A,#N/A,#N/A,#N/A,-0.69,-0.70,-0.67,-0.67,-0.67,-0.66,-0.66,-0.65,-0.64,-0.35,-0.64,-0.64,-0.64,-0.65,-0.64,-0.64,-0.65,-0.65,-0.65,-0.64,-0.65,-0.65,-0.65,-0.65,-0.65,-0.65,-0.65,-0.65,-0.66,-0.66,-0.66,-0.66
31-Oct-2023,#N/A,#N/A,#N/A,#N/A,#N/A,#N/A,#N/A,#N/A,#N/A,#N/A,#N/A,#N/A,#N/A,#N/A,#N/A,#N/A,#N/A,#N/A,#N/A,#N/A,#N/A,#N/A,-1.74,-0.39,-0.38,-0.38,-0.38,-0.38,-0.37,-0.36,-0.22,-0.36,-0.36,-0.35,-0.35,-0.35,-0.35,-0.35,-0.35,-0.35,-0.35,-0.35,-0.36,-0.36,-0.36,-0.37,-0.37,-0.36,-0.37,-0.37,-0.37,-0.38,-0.38
30-Nov-2023,#N/A,#N/A,#N/A,#N/A,#N/A,#N/A,#N/A,#N/A,#N/A,#N/A,#N/A,#N/A,#N/A,#N/A,#N/A,#N/A,#N/A,#N/A,#N/A,#N/A,#N/A,#N/A,#N/A,0.11,0.13,0.13,0.16,0.17,0.18,0.19,0.04,0.19,0.18,0.18,0.18,0.17,0.17,0.17,0.17,0.17,0.17,0.17,0.17,0.17,0.17,0.17,0.17,0.17,0.17,0.17,0.17,0.16,0.16
31-Dec-2023,#N/A,#N/A,#N/A,#N/A,#N/A,#N/A,#N/A,#N/A,#N/A,#N/A,#N/A,#N/A,#N/A,#N/A,#N/A,#N/A,#N/A,#N/A,#N/A,#N/A,#N/A,#N/A,#N/A,#N/A,-0.15,-0.15,-0.16,-0.15,-0.14,-0.14,-0.22,-0.14,-0.15,-0.15,-0.15,-0.15,-0.15,-0.15,-0.16,-0.16,-0.16,-0.16,-0.16,-0.16,-0.16,-0.16,-0.16,-0.16,-0.16,-0.16,-0.16,-0.17,-0.17
31-Jan-2024,#N/A,#N/A,#N/A,#N/A,#N/A,#N/A,#N/A,#N/A,#N/A,#N/A,#N/A,#N/A,#N/A,#N/A,#N/A,#N/A,#N/A,#N/A,#N/A,#N/A,#N/A,#N/A,#N/A,#N/A,#N/A,-0.11,-0.23,-0.24,-0.25,-0.31,-0.14,-0.32,-0.32,-0.32,-0.35,-0.35,-0.34,-0.34,-0.34,-0.34,-0.34,-0.34,-0.34,-0.34,-0.34,-0.34,-0.34,-0.34,-0.34,-0.34,-0.34,-0.34,-0.35
29-Feb-2024,#N/A,#N/A,#N/A,#N/A,#N/A,#N/A,#N/A,#N/A,#N/A,#N/A,#N/A,#N/A,#N/A,#N/A,#N/A,#N/A,#N/A,#N/A,#N/A,#N/A,#N/A,#N/A,#N/A,#N/A,#N/A,#N/A,0.10,-0.11,-0.13,-0.17,-0.10,-0.17,-0.18,-0.18,-0.18,-0.18,-0.18,-0.18,-0.18,-0.18,-0.18,-0.19,-0.19,-0.19,-0.19,-0.19,-0.19,-0.19,-0.19,-0.19,-0.19,-0.19,-0.19
31-Mar-2024,#N/A,#N/A,#N/A,#N/A,#N/A,#N/A,#N/A,#N/A,#N/A,#N/A,#N/A,#N/A,#N/A,#N/A,#N/A,#N/A,#N/A,#N/A,#N/A,#N/A,#N/A,#N/A,#N/A,#N/A,#N/A,#N/A,#N/A,-0.27,-0.30,-0.32,-0.33,-0.33,-0.33,-0.34,-0.34,-0.34,-0.34,-0.34,-0.34,-0.34,-0.34,-0.34,-0.35,-0.35,-0.35,-0.35,-0.35,-0.35,-0.35,-0.35,-0.35,-0.36,-0.36
30-Apr-2024,#N/A,#N/A,#N/A,#N/A,#N/A,#N/A,#N/A,#N/A,#N/A,#N/A,#N/A,#N/A,#N/A,#N/A,#N/A,#N/A,#N/A,#N/A,#N/A,#N/A,#N/A,#N/A,#N/A,#N/A,#N/A,#N/A,#N/A,#N/A,-0.85,-0.92,-0.72,-0.96,-0.96,-0.96,-0.94,-0.94,-0.94,-0.94,-0.94,-0.94,-0.94,-0.94,-0.96,-0.95,-0.95,-0.95,-0.95,-0.95,-0.95,-0.96,-0.96,-0.96,-0.96
31-May-2024,#N/A,#N/A,#N/A,#N/A,#N/A,#N/A,#N/A,#N/A,#N/A,#N/A,#N/A,#N/A,#N/A,#N/A,#N/A,#N/A,#N/A,#N/A,#N/A,#N/A,#N/A,#N/A,#N/A,#N/A,#N/A,#N/A,#N/A,#N/A,#N/A,-0.48,-0.50,-0.55,-0.56,-0.56,-0.56,-0.57,-0.57,-0.57,-0.57,-0.57,-0.57,-0.57,-0.57,-0.57,-0.57,-0.58,-0.57,-0.57,-0.58,-0.58,-0.58,-0.59,-0.59
30-Jun-2024,#N/A,#N/A,#N/A,#N/A,#N/A,#N/A,#N/A,#N/A,#N/A,#N/A,#N/A,#N/A,#N/A,#N/A,#N/A,#N/A,#N/A,#N/A,#N/A,#N/A,#N/A,#N/A,#N/A,#N/A,#N/A,#N/A,#N/A,#N/A,#N/A,#N/A,-0.03,-0.33,-0.33,-0.34,-0.34,-0.34,-0.34,-0.34,-0.34,-0.34,-0.34,-0.34,-0.34,-0.34,-0.35,-0.34,-0.34,-0.34,-0.34,-0.35,-0.35,-0.35,-0.35
31-Jul-2024,#N/A,#N/A,#N/A,#N/A,#N/A,#N/A,#N/A,#N/A,#N/A,#N/A,#N/A,#N/A,#N/A,#N/A,#N/A,#N/A,#N/A,#N/A,#N/A,#N/A,#N/A,#N/A,#N/A,#N/A,#N/A,#N/A,#N/A,#N/A,#N/A,#N/A,#N/A,-0.09,-0.03,-0.04,-0.04,-0.05,-0.04,-0.04,-0.04,-0.04,-0.05,-0.04,-0.04,-0.06,-0.04,-0.05,-0.04,-0.04,-0.04,-0.04,-0.04,-0.05,-0.05
31-Aug-2024,#N/A,#N/A,#N/A,#N/A,#N/A,#N/A,#N/A,#N/A,#N/A,#N/A,#N/A,#N/A,#N/A,#N/A,#N/A,#N/A,#N/A,#N/A,#N/A,#N/A,#N/A,#N/A,#N/A,#N/A,#N/A,#N/A,#N/A,#N/A,#N/A,#N/A,#N/A,#N/A,0.20,0.20,0.22,0.22,0.21,0.21,0.21,0.21,0.20,0.20,0.21,0.21,0.20,0.21,0.21,0.21,0.21,0.21,0.21,0.21,0.20
30-Sep-2024,#N/A,#N/A,#N/A,#N/A,#N/A,#N/A,#N/A,#N/A,#N/A,#N/A,#N/A,#N/A,#N/A,#N/A,#N/A,#N/A,#N/A,#N/A,#N/A,#N/A,#N/A,#N/A,#N/A,#N/A,#N/A,#N/A,#N/A,#N/A,#N/A,#N/A,#N/A,#N/A,#N/A,0.13,0.11,0.11,0.11,0.11,0.11,0.11,0.10,0.10,0.10,0.10,0.10,0.10,0.11,0.11,0.11,0.11,0.11,0.10,0.10
31-Oct-2024,#N/A,#N/A,#N/A,#N/A,#N/A,#N/A,#N/A,#N/A,#N/A,#N/A,#N/A,#N/A,#N/A,#N/A,#N/A,#N/A,#N/A,#N/A,#N/A,#N/A,#N/A,#N/A,#N/A,#N/A,#N/A,#N/A,#N/A,#N/A,#N/A,#N/A,#N/A,#N/A,#N/A,#N/A,-0.32,-0.33,-0.35,-0.34,-0.34,-0.34,-0.34,-0.34,-0.34,-0.34,-0.34,-0.34,-0.34,-0.34,-0.35,-0.35,-0.35,-0.35,-0.35
30-Nov-2024,#N/A,#N/A,#N/A,#N/A,#N/A,#N/A,#N/A,#N/A,#N/A,#N/A,#N/A,#N/A,#N/A,#N/A,#N/A,#N/A,#N/A,#N/A,#N/A,#N/A,#N/A,#N/A,#N/A,#N/A,#N/A,#N/A,#N/A,#N/A,#N/A,#N/A,#N/A,#N/A,#N/A,#N/A,#N/A,-0.32,-0.27,-0.27,-0.27,-0.27,-0.27,-0.28,-0.28,-0.28,-0.28,-0.28,-0.28,-0.28,-0.28,-0.28,-0.28,-0.28,-0.29
31-Dec-2024,#N/A,#N/A,#N/A,#N/A,#N/A,#N/A,#N/A,#N/A,#N/A,#N/A,#N/A,#N/A,#N/A,#N/A,#N/A,#N/A,#N/A,#N/A,#N/A,#N/A,#N/A,#N/A,#N/A,#N/A,#N/A,#N/A,#N/A,#N/A,#N/A,#N/A,#N/A,#N/A,#N/A,#N/A,#N/A,#N/A,-0.22,-0.24,-0.26,-0.26,-0.26,-0.26,-0.27,-0.27,-0.26,-0.26,-0.26,-0.26,-0.26,-0.26,-0.26,-0.26,-0.27
31-Jan-2025,#N/A,#N/A,#N/A,#N/A,#N/A,#N/A,#N/A,#N/A,#N/A,#N/A,#N/A,#N/A,#N/A,#N/A,#N/A,#N/A,#N/A,#N/A,#N/A,#N/A,#N/A,#N/A,#N/A,#N/A,#N/A,#N/A,#N/A,#N/A,#N/A,#N/A,#N/A,#N/A,#N/A,#N/A,#N/A,#N/A,#N/A,-0.31,-0.19,-0.18,-0.17,-0.18,-0.18,-0.18,-0.17,-0.18,-0.18,-0.17,-0.17,-0.18,-0.18,-0.18,-0.19
28-Feb-2025,#N/A,#N/A,#N/A,#N/A,#N/A,#N/A,#N/A,#N/A,#N/A,#N/A,#N/A,#N/A,#N/A,#N/A,#N/A,#N/A,#N/A,#N/A,#N/A,#N/A,#N/A,#N/A,#N/A,#N/A,#N/A,#N/A,#N/A,#N/A,#N/A,#N/A,#N/A,#N/A,#N/A,#N/A,#N/A,#N/A,#N/A,#N/A,-0.07,0.01,0.01,0.01,0.00,0.00,0.00,0.00,0.00,0.00,0.00,0.00,0.00,0.00,-0.01
31-Mar-2025,#N/A,#N/A,#N/A,#N/A,#N/A,#N/A,#N/A,#N/A,#N/A,#N/A,#N/A,#N/A,#N/A,#N/A,#N/A,#N/A,#N/A,#N/A,#N/A,#N/A,#N/A,#N/A,#N/A,#N/A,#N/A,#N/A,#N/A,#N/A,#N/A,#N/A,#N/A,#N/A,#N/A,#N/A,#N/A,#N/A,#N/A,#N/A,#N/A,-0.18,-0.17,-0.17,-0.18,-0.18,-0.18,-0.18,-0.18,-0.18,-0.18,-0.18,-0.18,-0.19,-0.19
30-Apr-2025,#N/A,#N/A,#N/A,#N/A,#N/A,#N/A,#N/A,#N/A,#N/A,#N/A,#N/A,#N/A,#N/A,#N/A,#N/A,#N/A,#N/A,#N/A,#N/A,#N/A,#N/A,#N/A,#N/A,#N/A,#N/A,#N/A,#N/A,#N/A,#N/A,#N/A,#N/A,#N/A,#N/A,#N/A,#N/A,#N/A,#N/A,#N/A,#N/A,#N/A,-0.29,-0.28,-0.27,-0.27,-0.25,-0.25,-0.25,-0.24,-0.24,-0.24,-0.24,-0.25,-0.25
31-May-2025,#N/A,#N/A,#N/A,#N/A,#N/A,#N/A,#N/A,#N/A,#N/A,#N/A,#N/A,#N/A,#N/A,#N/A,#N/A,#N/A,#N/A,#N/A,#N/A,#N/A,#N/A,#N/A,#N/A,#N/A,#N/A,#N/A,#N/A,#N/A,#N/A,#N/A,#N/A,#N/A,#N/A,#N/A,#N/A,#N/A,#N/A,#N/A,#N/A,#N/A,#N/A,0.19,0.30,0.27,0.28,0.28,0.28,0.28,0.28,0.28,0.28,0.28,0.28
30-Jun-2025,#N/A,#N/A,#N/A,#N/A,#N/A,#N/A,#N/A,#N/A,#N/A,#N/A,#N/A,#N/A,#N/A,#N/A,#N/A,#N/A,#N/A,#N/A,#N/A,#N/A,#N/A,#N/A,#N/A,#N/A,#N/A,#N/A,#N/A,#N/A,#N/A,#N/A,#N/A,#N/A,#N/A,#N/A,#N/A,#N/A,#N/A,#N/A,#N/A,#N/A,#N/A,#N/A,0.00,0.14,0.13,0.13,0.13,0.09,0.09,0.09,0.09,0.08,0.09
31-Jul-2025,#N/A,#N/A,#N/A,#N/A,#N/A,#N/A,#N/A,#N/A,#N/A,#N/A,#N/A,#N/A,#N/A,#N/A,#N/A,#N/A,#N/A,#N/A,#N/A,#N/A,#N/A,#N/A,#N/A,#N/A,#N/A,#N/A,#N/A,#N/A,#N/A,#N/A,#N/A,#N/A,#N/A,#N/A,#N/A,#N/A,#N/A,#N/A,#N/A,#N/A,#N/A,#N/A,#N/A,0.07,0.09,0.09,0.10,0.03,0.03,0.03,0.02,0.02,0.02
31-Aug-2025,#N/A,#N/A,#N/A,#N/A,#N/A,#N/A,#N/A,#N/A,#N/A,#N/A,#N/A,#N/A,#N/A,#N/A,#N/A,#N/A,#N/A,#N/A,#N/A,#N/A,#N/A,#N/A,#N/A,#N/A,#N/A,#N/A,#N/A,#N/A,#N/A,#N/A,#N/A,#N/A,#N/A,#N/A,#N/A,#N/A,#N/A,#N/A,#N/A,#N/A,#N/A,#N/A,#N/A,#N/A,-0.08,-0.04,-0.03,-0.08,-0.08,-0.08,-0.09,-0.08,-0.09
30-Sep-2025,#N/A,#N/A,#N/A,#N/A,#N/A,#N/A,#N/A,#N/A,#N/A,#N/A,#N/A,#N/A,#N/A,#N/A,#N/A,#N/A,#N/A,#N/A,#N/A,#N/A,#N/A,#N/A,#N/A,#N/A,#N/A,#N/A,#N/A,#N/A,#N/A,#N/A,#N/A,#N/A,#N/A,#N/A,#N/A,#N/A,#N/A,#N/A,#N/A,#N/A,#N/A,#N/A,#N/A,#N/A,#N/A,0.03,0.05,-0.03,-0.03,-0.02,-0.02,-0.02,-0.02
31-Oct-2025,#N/A,#N/A,#N/A,#N/A,#N/A,#N/A,#N/A,#N/A,#N/A,#N/A,#N/A,#N/A,#N/A,#N/A,#N/A,#N/A,#N/A,#N/A,#N/A,#N/A,#N/A,#N/A,#N/A,#N/A,#N/A,#N/A,#N/A,#N/A,#N/A,#N/A,#N/A,#N/A,#N/A,#N/A,#N/A,#N/A,#N/A,#N/A,#N/A,#N/A,#N/A,#N/A,#N/A,#N/A,#N/A,#N/A,-0.06,-0.09,-0.09,-0.08,-0.08,-0.08,-0.08
30-Nov-2025,#N/A,#N/A,#N/A,#N/A,#N/A,#N/A,#N/A,#N/A,#N/A,#N/A,#N/A,#N/A,#N/A,#N/A,#N/A,#N/A,#N/A,#N/A,#N/A,#N/A,#N/A,#N/A,#N/A,#N/A,#N/A,#N/A,#N/A,#N/A,#N/A,#N/A,#N/A,#N/A,#N/A,#N/A,#N/A,#N/A,#N/A,#N/A,#N/A,#N/A,#N/A,#N/A,#N/A,#N/A,#N/A,#N/A,#N/A,-0.16,-0.17,-0.16,-0.16,-0.15,-0.15
31-Dec-2025,#N/A,#N/A,#N/A,#N/A,#N/A,#N/A,#N/A,#N/A,#N/A,#N/A,#N/A,#N/A,#N/A,#N/A,#N/A,#N/A,#N/A,#N/A,#N/A,#N/A,#N/A,#N/A,#N/A,#N/A,#N/A,#N/A,#N/A,#N/A,#N/A,#N/A,#N/A,#N/A,#N/A,#N/A,#N/A,#N/A,#N/A,#N/A,#N/A,#N/A,#N/A,#N/A,#N/A,#N/A,#N/A,#N/A,#N/A,#N/A,0.51,0.54,0.54,0.56,0.55
31-Jan-2026,#N/A,#N/A,#N/A,#N/A,#N/A,#N/A,#N/A,#N/A,#N/A,#N/A,#N/A,#N/A,#N/A,#N/A,#N/A,#N/A,#N/A,#N/A,#N/A,#N/A,#N/A,#N/A,#N/A,#N/A,#N/A,#N/A,#N/A,#N/A,#N/A,#N/A,#N/A,#N/A,#N/A,#N/A,#N/A,#N/A,#N/A,#N/A,#N/A,#N/A,#N/A,#N/A,#N/A,#N/A,#N/A,#N/A,#N/A,#N/A,#N/A,0.41,0.42,0.44,0.44
28-Feb-2026,#N/A,#N/A,#N/A,#N/A,#N/A,#N/A,#N/A,#N/A,#N/A,#N/A,#N/A,#N/A,#N/A,#N/A,#N/A,#N/A,#N/A,#N/A,#N/A,#N/A,#N/A,#N/A,#N/A,#N/A,#N/A,#N/A,#N/A,#N/A,#N/A,#N/A,#N/A,#N/A,#N/A,#N/A,#N/A,#N/A,#N/A,#N/A,#N/A,#N/A,#N/A,#N/A,#N/A,#N/A,#N/A,#N/A,#N/A,#N/A,#N/A,#N/A,0.49,0.54,0.55
31-Mar-2026,#N/A,#N/A,#N/A,#N/A,#N/A,#N/A,#N/A,#N/A,#N/A,#N/A,#N/A,#N/A,#N/A,#N/A,#N/A,#N/A,#N/A,#N/A,#N/A,#N/A,#N/A,#N/A,#N/A,#N/A,#N/A,#N/A,#N/A,#N/A,#N/A,#N/A,#N/A,#N/A,#N/A,#N/A,#N/A,#N/A,#N/A,#N/A,#N/A,#N/A,#N/A,#N/A,#N/A,#N/A,#N/A,#N/A,#N/A,#N/A,#N/A,#N/A,#N/A,0.68,0.68
30-Apr-2026,#N/A,#N/A,#N/A,#N/A,#N/A,#N/A,#N/A,#N/A,#N/A,#N/A,#N/A,#N/A,#N/A,#N/A,#N/A,#N/A,#N/A,#N/A,#N/A,#N/A,#N/A,#N/A,#N/A,#N/A,#N/A,#N/A,#N/A,#N/A,#N/A,#N/A,#N/A,#N/A,#N/A,#N/A,#N/A,#N/A,#N/A,#N/A,#N/A,#N/A,#N/A,#N/A,#N/A,#N/A,#N/A,#N/A,#N/A,#N/A,#N/A,#N/A,#N/A,#N/A,1.82
